d,i,s,e,a,s,e
L,e,u,k,e,m,i,a,",", ,L,y,m,p,h,o,c,y,t,i,c,",", ,C,h,r,o,n,i,c,",", ,B,-,C,e,l,l
C,o,l,o,n, ,N,e,o,p,l,a,s,m,s
B,r,e,a,s,t, ,N,e,o,p,l,a,s,m,s
L,e,u,k,e,m,i,a
L,u,n,g, ,N,e,o,p,l,a,s,m,s
C,o,l,o,r,e,c,t,a,l, ,C,a,r,c,i,n,o,m,a
L,e,u,k,e,m,i,a,",", ,P,r,o,m,y,e,l,o,c,y,t,i,c,",", ,A,c,u,t,e
N,e,o,p,l,a,s,m,s, ,[,u,n,s,p,e,c,i,f,i,c,]
P,i,t,u,i,t,a,r,y, ,N,e,o,p,l,a,s,m,s
C,a,r,c,i,n,o,m,a,",", ,H,e,p,a,t,o,c,e,l,l,u,l,a,r
C,a,r,d,i,o,m,y,o,p,a,t,h,y,",", ,H,y,p,e,r,t,r,o,p,h,i,c
T,h,y,r,o,i,d, ,N,e,o,p,l,a,s,m,s
A,s,t,h,m,a
L,y,m,p,h,o,m,a,",", ,B,-,C,e,l,l
O,v,a,r,i,a,n, ,N,e,o,p,l,a,s,m,s
P,o,l,y,c,y,t,h,e,m,i,a, ,V,e,r,a
L,e,u,k,e,m,i,a,",", ,M,y,e,l,o,i,d,",", ,A,c,u,t,e
L,e,u,k,e,m,i,a,",", ,L,y,m,p,h,o,b,l,a,s,t,i,c
L,y,m,p,h,o,m,a,",", ,H,o,d,g,k,i,n
N,a,s,o,p,h,a,r,y,n,g,e,a,l, ,N,e,o,p,l,a,s,m,s
R,e,t,i,n,a,l, ,D,e,g,e,n,e,r,a,t,i,o,n
C,a,r,c,i,n,o,m,a,",", ,R,e,n,a,l, ,C,e,l,l
M,y,e,l,o,d,y,s,p,l,a,s,t,i,c, ,S,y,n,d,r,o,m,e,s
N,e,u,r,o,d,e,g,e,n,e,r,a,t,i,v,e, ,D,i,s,e,a,s,e,s, ,[,u,n,s,p,e,c,i,f,i,c,]
L,u,p,u,s, ,V,u,l,g,a,r,i,s
L,e,u,k,e,m,i,a,",", ,M,y,e,l,o,i,d,",", ,C,h,r,o,n,i,c,-,P,h,a,s,e
L,e,u,k,e,m,i,a,-,L,y,m,p,h,o,m,a,",", ,P,r,e,c,u,r,s,o,r, ,B,-,C,e,l,l, ,L,y,m,p,h,o,b,l,a,s,t,i,c
S,c,h,i,z,o,p,h,r,e,n,i,a
M,a,r,e,k, ,D,i,s,e,a,s,e
A,u,t,i,s,t,i,c, ,D,i,s,o,r,d,e,r
A,t,h,e,r,o,s,c,l,e,r,o,s,i,s
S,e,p,s,i,s
C,h,o,r,i,o,c,a,r,c,i,n,o,m,a
G,l,o,m,e,r,u,l,o,n,e,p,h,r,i,t,i,s
g,l,o,m,e,r,u,l,o,n,e,p,h,r,i,t,i,s
C,h,i,l,d, ,D,e,v,e,l,o,p,m,e,n,t, ,D,i,s,o,r,d,e,r,s,",", ,P,e,r,v,a,s,i,v,e
M,e,l,a,n,o,m,a
D,i,a,b,e,t,e,s, ,M,e,l,l,i,t,u,s,",", ,T,y,p,e, ,2
L,y,m,p,h,o,m,a,",", ,L,a,r,g,e,-,C,e,l,l,",", ,A,n,a,p,l,a,s,t,i,c
P,a,n,c,r,e,a,t,i,c, ,N,e,o,p,l,a,s,m,s
H,e,a,r,t, ,F,a,i,l,u,r,e
H,e,m,a,n,g,i,o,m,a
D,i,a,b,e,t,e,s, ,M,e,l,l,i,t,u,s
H,u,m,a,n, ,I,m,m,u,n,o,d,e,f,i,c,i,e,n,c,y, ,V,i,r,u,s, ,I,n,f,e,c,t,i,o,n
L,e,u,k,e,m,i,a,-,L,y,m,p,h,o,m,a,",", ,P,r,e,c,u,r,s,o,r, ,T,-,C,e,l,l, ,L,y,m,p,h,o,b,l,a,s,t,i,c
H,y,p,e,r,t,r,o,p,h,y
G,l,i,o,b,l,a,s,t,o,m,a
S,y,s,t,e,m,i,c, ,L,u,p,u,s, ,E,r,y,t,h,e,m,a,t,o,s,u,s
L,y,m,p,h,o,m,a
L,e,u,k,e,m,i,a,-,L,y,m,p,h,o,m,a,",", ,A,d,u,l,t, ,T,-,C,e,l,l
C,a,r,c,i,n,o,m,a,",", ,A,d,r,e,n,o,c,o,r,t,i,c,a,l
M,e,s,o,t,h,e,l,i,o,m,a
L,e,u,k,e,m,i,a,",", ,M,y,e,l,o,i,d,",", ,C,h,r,o,n,i,c
C,a,r,c,i,n,o,m,a,",", ,L,u,n,g,",", ,N,o,n,-,S,m,a,l,l,-,C,e,l,l
A,l,z,h,e,i,m,e,r, ,D,i,s,e,a,s,e
S,q,u,a,m,o,u,s, ,C,e,l,l, ,C,a,r,c,i,n,o,m,a,",", ,E,s,o,p,h,a,g,e,a,l
H,y,p,e,r,t,e,n,s,i,o,n
P,r,e,e,c,l,a,m,p,s,i,a
U,r,i,n,a,r,y, ,B,l,a,d,d,e,r, ,C,a,n,c,e,r
c,a,r,c,i,n,o,m,a,",", ,r,e,n,a,l, ,c,e,l,l
E,o,s,i,n,o,p,h,i,l,i,c, ,E,s,o,p,h,a,g,i,t,i,s
E,c,t,o,p,i,c, ,P,r,e,g,n,a,n,c,y
G,r,a,v,e,s, ,D,i,s,e,a,s,e
P,r,o,s,t,a,t,e, ,N,e,o,p,l,a,s,m,s
M,y,o,c,a,r,d,i,a,l, ,I,n,f,a,r,c,t,i,o,n
M,u,l,t,i,p,l,e, ,M,y,e,l,o,m,a
H,e,p,a,t,i,t,i,s, ,C, ,V,i,r,u,s, ,I,n,f,e,c,t,i,o,n
G,a,s,t,r,i,c, ,N,e,o,p,l,a,s,m,s
E,n,d,o,m,e,t,r,i,o,s,i,s
P,r,i,m,a,r,y, ,B,i,l,i,a,r,y, ,C,i,r,r,h,o,s,i,s
M,y,a,s,t,h,e,n,i,a, ,G,r,a,v,i,s
M,u,l,t,i,p,l,e, ,S,c,l,e,r,o,s,i,s
P,o,l,y,c,y,s,t,i,c, ,K,i,d,n,e,y, ,D,i,s,e,a,s,e
P,a,r,k,i,n,s,o,n, ,D,i,s,e,a,s,e
R,e,t,i,n,o,b,l,a,s,t,o,m,a
D,i,a,b,e,t,e,s, ,M,e,l,l,i,t,u,s,",", ,T,y,p,e, ,1
C,r,o,h,n, ,D,i,s,e,a,s,e
M,e,t,h,y,l,m,a,l,o,n,i,c, ,A,c,i,d,e,m,i,a
S,j,o,g,r,e,n, ,S,y,n,d,r,o,m,e
B,l,a,d,d,e,r, ,N,e,o,p,l,a,s,m,s
A,u,t,i,s,m, ,S,p,e,c,t,r,u,m, ,D,i,s,o,r,d,e,r
R,h,e,u,m,a,t,o,i,d, ,A,r,t,h,r,i,t,i,s
F,a,t,t,y, ,L,i,v,e,r,",", ,N,o,n,-,A,l,c,o,h,o,l,i,c
S,t,r,o,k,e
A,c,u,t,e, ,C,e,r,e,b,r,a,l, ,I,n,f,a,r,c,t,i,o,n
P,r,e,m,a,t,u,r,e, ,O,v,a,r,i,a,n, ,F,a,i,l,u,r,e
A,r,r,h,y,t,h,m,i,a
C,a,r,c,i,n,o,m,a,",", ,E,s,o,p,h,a,g,e,a,l
P,l,a,s,m,o,d,i,u,m, ,v,i,v,a,x, ,I,n,f,e,c,t,i,o,n
A,c,u,t,e, ,M,y,o,c,a,r,d,i,a,l, ,I,n,f,a,r,c,t,i,o,n
C,o,r,o,n,a,r,y, ,A,r,t,e,r,y, ,D,i,s,e,a,s,e
S,p,i,n,a,l, ,C,o,r,d, ,I,n,j,u,r,i,e,s
H,y,p,o,x,i,c,-,I,s,c,h,e,m,i,c, ,E,n,c,e,p,h,a,l,o,p,a,t,h,y
S,t,r,o,k,e,",", ,I,s,c,h,e,m,i,c
D,e,n,g,u,e, ,V,i,r,u,s, ,I,n,f,e,c,t,i,o,n
O,b,e,s,i,t,y
G,l,i,o,m,a
C,h,o,l,a,n,g,i,o,c,a,r,c,i,n,o,m,a
A,c,u,t,e, ,H,e,a,r,t, ,F,a,i,l,u,r,e
S,p,o,n,d,y,l,a,r,t,h,r,i,t,i,s
l,e,u,k,e,m,i,a,",", ,m,y,e,l,o,i,d,",", ,c,h,r,o,n,i,c
P,o,l,y,c,y,s,t,i,c, ,O,v,a,r,i,a,n, ,S,y,n,d,r,o,m,e
L,e,u,k,e,m,i,a,",", ,M,y,e,l,o,i,d,",", ,A,c,u,t,e,",", ,P,e,d,i,a,t,r,i,c
C,h,r,o,n,i,c, ,H,e,p,a,t,i,t,i,s, ,B
A,o,r,t,i,c, ,S,t,e,n,o,s,i,s
C,a,r,c,i,n,o,m,a,",", ,H,e,p,a,t,o,c,e,l,l,u,l,a,r,",", ,H,B,V,-,R,e,l,a,t,e,d
A,l,l,e,r,g,i,c, ,R,h,i,n,i,t,i,s
L,u,n,g, ,F,i,b,r,o,s,i,s
A,n,x,i,e,t,y, ,D,i,s,o,r,d,e,r,s
C,a,r,o,t,i,d, ,A,r,t,e,r,y, ,D,i,s,e,a,s,e,s
S,p,i,n,a,l, ,M,u,s,c,u,l,a,r, ,A,t,r,o,p,h,y
K,i,d,e,n,y, ,T,r,a,n,s,p,l,a,n,t, ,R,e,j,e,c,t,i,o,n
A,c,u,t,e, ,I,s,c,h,e,m,i,c, ,S,t,r,o,k,e
C,a,r,d,i,o,v,a,s,c,u,l,a,r, ,D,i,s,e,a,s,e,s, ,[,u,n,s,p,e,c,i,f,i,c,]
A,o,r,t,i,c, ,V,a,l,v,e, ,D,i,s,e,a,s,e
V,a,s,c,u,l,a,r, ,H,y,p,e,r,t,r,o,p,h,y
L,e,u,k,e,m,i,a,",", ,L,y,m,p,h,o,b,l,a,s,t,i,c,",", ,A,c,u,t,e,",", ,C,h,i,l,d,h,o,o,d
L,e,u,k,e,m,i,a,",", ,L,y,m,p,h,o,b,l,a,s,t,i,c,",", ,A,c,u,t,e
P,u,l,m,o,n,a,r,y, ,H,y,p,e,r,t,e,n,s,i,o,n
F,r,o,n,t,o,t,e,m,p,o,r,a,l, ,D,e,m,e,n,t,i,a
D,i,a,b,e,t,e,s, ,M,e,l,l,i,t,u,s,",", ,G,e,s,t,a,t,i,o,n,a,l
S,p,i,n,a,l, ,S,t,e,n,o,s,i,s
F,a,m,i,l,i,a,l, ,M,e,d,i,t,e,r,r,a,n,e,a,n, ,F,e,v,e,r
T,r,a,u,m,a,t,i,c, ,B,r,a,i,n, ,I,n,j,u,r,y
A,c,u,t,e, ,L,u,n,g, ,I,n,j,u,r,y
L,u,p,u,s, ,N,e,p,h,r,i,t,i,s
K,i,d,n,e,y, ,N,e,o,p,l,a,s,m,s
A,r,t,h,r,i,t,i,s
D,i,a,b,e,t,i,c, ,N,e,p,h,r,o,p,a,t,h,y
A,n,e,m,i,a
I,s,c,h,e,m,i,c, ,D,i,s,e,a,s,e,s, ,[,u,n,s,p,e,c,i,f,i,c,]
H,y,p,e,r,a,c,t,i,v,i,t,y, ,D,i,s,o,r,d,e,r
H,e,a,r,t, ,D,i,s,e,a,s,e,s, ,[,u,n,s,p,e,c,i,f,i,c,]
M,e,t,a,b,o,l,i,c, ,S,y,n,d,r,o,m,e
B,e,h,c,e,t, ,D,i,s,e,a,s,e
r,h,e,u,m,a,t,o,i,d, ,a,r,t,h,r,i,t,i,s
M,u,s,c,l,e, ,A,t,r,o,p,h,y
M,y,e,l,o,p,r,o,l,i,f,e,r,a,t,i,v,e, ,N,e,o,p,l,a,s,m,s
H,e,a,d, ,A,n,d, ,N,e,c,k, ,N,e,o,p,l,a,s,m,s
P,a,n,c,r,e,a,t,i,c, ,A,d,e,n,o,c,a,r,c,i,n,o,m,a
S,q,u,a,m,o,u,s, ,C,e,l,l, ,C,a,r,c,i,n,o,m,a,",", ,O,r,a,l
M,y,o,c,a,r,d,i,a,l, ,I,s,c,h,e,m,i,c,-,R,e,p,e,r,f,u,s,i,o,n, ,I,n,j,u,r,y
L,e,u,k,e,m,i,a,",", ,A,c,u,t,e
A,d,e,n,o,c,a,r,c,i,n,o,m,a,",", ,P,a,n,c,r,e,a,t,i,c, ,D,u,c,t,a,l
C,a,r,c,i,n,o,m,a,",", ,R,e,c,t,a,l
a,t,h,e,r,o,s,c,l,e,r,o,s,i,s
S,c,l,e,r,o,d,e,r,m,a,",", ,L,o,c,a,l,i,z,e,d
S,c,l,e,r,o,d,e,r,m,a,",", ,S,y,s,t,e,m,i,c
M,u,s,c,u,l,a,r, ,D,y,s,t,r,o,p,h,y,",", ,D,u,c,h,e,n,n,e
H,e,p,a,t,i,t,i,s, ,B, ,V,i,r,u,s, ,I,n,f,e,c,t,i,o,n
A,c,u,t,e, ,C,e,r,e,b,r,a,l, ,I,s,c,h,e,m,i,a
L,e,u,k,e,m,i,a,",", ,L,y,m,p,h,o,b,l,a,s,t,i,c,",", ,A,c,u,t,e,",", ,T,-,C,e,l,l
A,c,u,t,e, ,K,i,d,n,e,y, ,F,a,i,l,u,r,e
T,u,b,e,r,c,u,l,o,s,i,s,",", ,P,u,l,m,o,n,a,r,y
S,q,u,a,m,o,u,s, ,C,e,l,l, ,C,a,r,c,i,n,o,m,a,",", ,H,e,a,d, ,a,n,d, ,N,e,c,k
G,a,s,t,r,o,i,n,t,e,s,t,i,n,a,l, ,N,e,o,p,l,a,s,m,s
G,i,a,n,t, ,C,e,l,l, ,T,u,m,o,r, ,o,f, ,B,o,n,e
L,i,v,e,r, ,C,i,r,r,h,o,s,i,s
L,i,v,e,r, ,D,i,s,e,a,s,e,s, ,[,u,n,s,p,e,c,i,f,i,c,]
g,a,s,t,r,i,c, ,n,e,o,p,l,a,s,m,s
O,s,t,e,o,p,o,r,o,s,i,s
I,n,t,e,r,s,t,i,t,i,a,l, ,L,u,n,g, ,D,i,s,e,a,s,e
C,h,r,o,n,i,c, ,K,i,d,n,e,y, ,D,i,s,e,a,s,e
E,s,o,p,h,a,g,e,a,l, ,N,e,o,p,l,a,s,m,s
C,a,r,c,i,n,o,m,a,",", ,O,r,a,l
E,n,d,o,m,e,t,r,i,a,l, ,N,e,o,p,l,a,s,m,s
L,y,m,p,h,o,m,a,",", ,L,a,r,g,e, ,B,-,C,e,l,l,",", ,D,i,f,f,u,s,e
T,e,s,t,i,c,u,l,a,r, ,N,e,o,p,l,a,s,m,s
K,i,d,n,e,y, ,D,i,s,e,a,s,e,s, ,[,u,n,s,p,e,c,i,f,i,c,]
L,u,n,g, ,D,i,s,e,a,s,e, ,[,u,n,s,p,e,c,i,f,i,c,]
F,r,a,g,i,l,e, ,X, ,S,y,n,d,r,o,m,e
E,a,r,l,y,-,S,t,a,g,e, ,C,e,r,v,i,c,a,l, ,S,q,u,a,m,o,u,s, ,C,e,l,l, ,C,a,r,c,i,n,o,m,a
c,h,r,o,n,i,c, ,o,b,s,t,r,u,c,t,i,v,e, ,p,u,l,m,o,n,a,r,y, ,d,i,s,e,a,s,e
C,h,r,o,n,i,c, ,O,b,s,t,r,u,c,t,i,v,e, ,P,u,l,m,o,n,a,r,y, ,D,i,s,e,a,s,e
M,a,c,h,a,d,o,-,J,o,s,e,p,h, ,D,i,s,e,a,s,e
O,v,a,r,y, ,M,i,x,e,d, ,E,p,i,t,h,e,l,i,a,l, ,C,a,r,c,i,n,o,m,a
C,a,r,c,i,n,o,m,a,",", ,N,a,s,o,p,h,a,r,y,n,g,e,a,l
G,r,a,f,t,-,V,e,r,s,u,s,-,H,o,s,t, ,D,i,s,e,a,s,e
L,i,v,e,r, ,I,n,j,u,r,y
B,i,l,i,a,r,y, ,T,r,a,c,t, ,N,e,o,p,l,a,s,m,s
P,e,r,i,p,h,e,r,a,l, ,V,a,s,c,u,l,a,r, ,D,i,s,e,a,s,e
H,e,r,e,d,i,t,a,r,y, ,B,r,e,a,s,t, ,C,a,r,c,i,n,o,m,a
S,q,u,a,m,o,u,s, ,C,e,l,l, ,C,a,r,c,i,n,o,m,a,",", ,L,u,n,g
C,a,r,c,i,n,o,m,a,",", ,R,e,n,a,l, ,C,e,l,l,",", ,C,l,e,a,r,-,C,e,l,l
A,d,e,n,o,c,a,r,c,i,n,o,m,a,",", ,L,u,n,g
C,a,r,c,i,n,o,m,a,",", ,T,h,y,r,o,i,d,",", ,P,a,p,i,l,l,a,r,y
H,E,L,L,P, ,S,y,n,d,r,o,m,e
A,d,r,e,n,a,l, ,C,o,r,t,e,x, ,N,e,o,p,l,a,s,m,s
M,i,l,d, ,C,o,g,n,i,t,i,v,e, ,I,m,p,a,i,r,m,e,n,t
U,v,e,a,l, ,M,e,l,a,n,o,m,a
I,m,m,u,n,e, ,T,h,r,o,m,b,o,c,y,t,o,p,e,n,i,c, ,P,u,r,p,u,r,a
p,a,n,c,r,e,a,t,i,c, ,n,e,o,p,l,a,s,m,s
E,a,r,l,y,-,S,t,a,g,e, ,N,o,n,-,S,m,a,l,l,-,C,e,l,l, ,L,u,n,g, ,C,a,r,c,i,n,o,m,a
E,a,r,l,y,-,S,t,a,g,e, ,L,u,n,g, ,C,a,r,c,i,n,o,m,a
A,m,y,o,t,r,o,p,h,i,c, ,L,a,t,e,r,a,l, ,S,c,l,e,r,o,s,i,s
N,o,n,-,N,e,o,p,l,a,s,t,i,c, ,D,i,s,e,a,s,e,s
E,a,r,l,y,-,S,t,a,g,e, ,G,a,s,t,r,i,c, ,C,a,r,c,i,n,o,m,a
E,a,r,l,y,-,S,t,a,g,e, ,B,r,e,a,s,t, ,C,a,r,c,i,n,o,m,a
C,h,r,o,n,i,c, ,H,e,p,a,t,i,t,i,s, ,C
P,s,o,r,i,a,s,i,s
L,y,m,p,h,o,m,a,",", ,N,o,n,-,H,o,d,g,k,i,n
I,n,f,l,u,e,n,z,a
I,r,r,i,t,a,b,l,e, ,B,o,w,e,l, ,S,y,n,d,r,o,m,e
g,l,i,o,m,a
C,a,r,c,i,n,o,m,a,",", ,L,u,n,g
S,q,u,a,m,o,u,s, ,C,e,l,l, ,C,a,r,c,i,n,o,m,a,",", ,L,a,r,y,n,g,e,a,l, ,o,r, ,H,y,p,o,p,h,a,r,y,n,g,e,a,l
C,o,l,o,r,e,c,t,a,l, ,A,d,e,n,o,c,a,r,c,i,n,o,m,a
M,u,s,c,l,e, ,D,i,s,e,a,s,e,s, ,[,u,n,s,p,e,c,i,f,i,c,]
O,s,t,e,o,s,a,r,c,o,m,a
G,e,r,m, ,C,e,l,l, ,T,u,m,o,r
M,y,e,l,o,m,a
F,o,c,a,l, ,S,e,g,m,e,n,t,a,l, ,G,l,o,m,e,r,u,l,o,s,c,l,e,r,o,s,i,s
P,r,o,l,i,f,e,r,a,t,i,v,e, ,D,i,a,b,e,t,i,c, ,R,e,t,i,n,o,p,a,t,h,y
M,a,c,r,o,g,l,o,b,u,l,i,n,e,m,i,a
C,a,r,c,i,n,o,m,a,",", ,B,r,e,a,s,t
E,n,d,o,m,y,o,c,a,r,d,i,a,l, ,F,i,b,r,o,s,i,s
I,n,t,r,a,h,e,p,a,t,i,c, ,C,h,o,l,a,n,g,i,o,c,a,r,c,i,n,o,m,a
O,r,a,l, ,N,e,o,p,l,a,s,m,s
L,y,m,p,h,o,m,a,",", ,T,-,C,e,l,l
P,r,e,d,i,a,b,e,t,e,s
C,a,r,c,i,n,o,m,a,",", ,U,r,o,t,h,e,l,i,a,l,",", ,U,p,p,e,r, ,T,r,a,c,t
c,a,r,c,i,n,o,m,a,",", ,u,r,o,t,h,e,l,i,a,l,",", ,u,p,p,e,r, ,t,r,a,c,t
C,a,r,c,i,n,o,m,a,",", ,C,e,r,v,i,c,a,l
U,n,s,t,a,b,l,e, ,A,n,g,i,n,a
C,a,r,c,i,n,o,m,a,",", ,B,i,l,i,a,r,y, ,T,r,a,c,t
A,l,l,e,r,g,i,c, ,A,s,t,h,m,a
M,a,l,e, ,I,n,f,e,r,t,i,l,i,t,y
A,c,u,t,e, ,C,o,r,o,n,a,r,y, ,S,y,n,d,r,o,m,e
T,u,b,e,r,c,u,l,o,s,i,s
E,p,i,l,e,p,s,y
C,a,r,d,i,o,m,y,o,p,a,t,h,y,",", ,D,i,l,a,t,e,d
C,a,r,c,i,n,o,m,a,",", ,G,a,l,l,b,l,a,d,d,e,r
H,u,n,t,i,n,g,t,o,n, ,D,i,s,e,a,s,e
C,a,r,c,i,n,o,m,a,",", ,C,o,l,o,n
B,r,a,i,n, ,D,i,s,e,a,s,e, ,[,u,n,s,p,e,c,i,f,i,c,]
h,e,p,a,t,i,t,i,s, ,b, ,v,i,r,u,s, ,i,n,f,e,c,t,i,o,n
R,e,c,t,a,l, ,N,e,o,p,l,a,s,m,s
V,a,s,c,u,l,i,t,i,s
M,y,c,o,b,a,c,t,e,r,i,u,m, ,t,u,b,e,r,c,u,l,o,s,i,s, ,I,n,f,e,c,t,i,o,n
L,i,v,e,r, ,N,e,o,p,l,a,s,m,s
A,c,u,t,e, ,P,a,n,c,r,e,a,t,i,t,i,s
C,o,r,o,n,a,r,y, ,A,t,h,e,r,o,s,c,l,e,r,o,s,i,s
I,n,t,e,s,t,i,n,a,l, ,S,c,h,i,s,t,o,s,o,m,i,a,s,i,s
S,y,n,o,v,i,a,l, ,S,a,r,c,o,m,a
s,y,n,o,v,i,a,l, ,s,a,r,c,o,m,a
N,e,p,h,r,o,t,i,c, ,S,y,n,d,r,o,m,e
C,a,r,c,i,n,o,m,a,",", ,H,e,p,a,t,o,c,e,l,l,u,l,a,r,",", ,H,C,V,-,R,e,l,a,t,e,d
B,r,o,n,c,h,o,p,u,l,m,o,n,a,r,y, ,D,y,s,p,l,a,s,i,a
E,s,s,e,n,t,i,a,l, ,H,y,p,e,r,t,e,n,s,i,o,n
A,n,g,i,o,s,a,r,c,o,m,a
R,h,e,u,m,a,t,i,c, ,H,e,a,r,t, ,D,i,s,e,a,s,e,s
d,i,a,b,e,t,e,s, ,m,e,l,l,i,t,u,s,",", ,t,y,p,e, ,2
C,o,l,i,t,i,s,",", ,U,l,c,e,r,a,t,i,v,e
E,w,i,n,g, ,S,a,r,c,o,m,a
D,i,g,e,s,t,i,v,e, ,S,y,s,t,e,m, ,N,e,o,p,l,a,s,m,s
M,a,j,o,r, ,D,e,p,r,e,s,s,i,v,e, ,D,i,s,o,r,d,e,r
I,n,h,e,r,i,t,e,d, ,H,e,m,o,g,l,o,b,i,n, ,D,i,s,e,a,s,e
M,y,o,t,o,n,i,c, ,D,y,s,t,r,o,p,h,y, ,T,y,p,e, ,1
H,i,r,s,c,h,s,p,r,u,n,g, ,D,i,s,e,a,s,e
A,u,t,o,i,m,m,u,n,e, ,L,y,m,p,h,o,p,r,o,l,i,f,e,r,a,t,i,v,e, ,S,y,n,d,r,o,m,e
C,a,r,c,i,n,o,m,a,",", ,O,v,a,r,i,a,n
G,l,a,u,c,o,m,a
I,d,i,o,p,a,t,h,i,c, ,A,s,t,h,e,n,o,s,p,e,r,m,i,a
C,a,r,c,i,n,o,m,a,",", ,P,a,n,c,r,e,a,t,i,c
C,a,r,c,i,n,o,m,a,",", ,T,h,y,r,o,i,d,",", ,F,o,l,l,i,c,u,l,a,r
M,u,s,c,u,l,a,r, ,D,y,s,t,r,o,p,h,y
a,c,u,t,e, ,m,y,o,c,a,r,d,i,a,l, ,i,n,f,a,r,c,t,i,o,n
H,e,p,a,t,o,b,l,a,s,t,o,m,a
C,a,r,c,i,n,o,m,a,",", ,G,a,s,t,r,i,c
A,p,l,a,s,t,i,c, ,A,n,e,m,i,a
A,g,e,-,R,e,l,a,t,e,d, ,M,a,c,u,l,a,r, ,D,e,g,e,n,e,r,a,t,i,o,n
I,s,c,h,e,m,i,a,-,R,e,p,e,r,f,u,s,i,o,n, ,I,n,j,u,r,y
H,e,m,a,t,o,l,o,g,i,c, ,N,e,o,p,l,a,s,m,s
M,e,s,i,a,l, ,T,e,m,p,o,r,a,l, ,L,o,b,e, ,E,p,i,l,e,p,s,y
A,t,r,i,a,l, ,F,i,b,r,i,l,l,a,t,i,o,n
A,r,t,e,r,i,o,s,c,l,e,r,o,s,i,s, ,O,b,l,i,t,e,r,a,n,s
C,a,r,d,i,o,m,y,o,p,a,t,h,y
L,y,m,p,h,o,m,a,",", ,B,u,r,k,i,t,t
C,a,r,c,i,n,o,m,a,",", ,O,v,a,r,i,a,n,",", ,S,e,r,o,u,s
L,o,f,g,r,e,n, ,S,y,n,d,r,o,m,e
K,i,d,n,e,y, ,I,n,j,u,r,y
C,a,r,c,i,n,o,m,a,",", ,B,r,e,a,s,t,",", ,T,r,i,p,l,e, ,N,e,g,a,t,i,v,e
C,a,r,c,i,n,o,m,a,",", ,P,r,o,s,t,a,t,e
C,a,r,c,i,n,o,m,a,",", ,L,u,n,g,",", ,S,m,a,l,l,-,C,e,l,l
c,o,l,o,r,e,c,t,a,l, ,c,a,r,c,i,n,o,m,a
N,e,u,r,a,l,g,i,a,",", ,P,o,s,t,h,e,r,p,e,t,i,c
C,a,r,c,i,n,o,m,a,",", ,B,l,a,d,d,e,r
F,o,o,t,-,a,n,d,-,M,o,u,t,h, ,D,i,s,e,a,s,e
A,o,r,t,i,c, ,A,n,e,u,r,y,s,m,",", ,A,b,d,o,m,i,n,a,l
C,u,t,a,n,e,o,u,s, ,M,e,l,a,n,o,m,a
H,y,p,e,r,h,o,m,o,c,y,s,t,e,i,n,e,m,i,a
O,s,t,e,o,a,r,t,h,r,i,t,i,s
I,s,c,h,e,m,i,c, ,H,e,a,r,t, ,D,i,s,e,a,s,e
H,y,p,e,r,l,i,p,o,p,r,o,t,e,i,n,e,m,i,a, ,T,y,p,e, ,I,I,I
A,c,u,t,e, ,R,e,s,p,i,r,a,t,o,r,y, ,D,i,s,t,r,e,s,s, ,S,y,n,d,r,o,m,e
P,e,r,i,p,h,e,r,a,l, ,N,e,r,v,o,u,s, ,S,y,s,t,e,m, ,D,i,s,e,a,s,e,s
C,e,l,i,a,c, ,D,i,s,e,a,s,e
C,e,r,v,i,c,a,l, ,N,e,o,p,l,a,s,m,s
D,i,a,b,e,t,i,c, ,C,a,r,d,i,o,m,y,o,p,a,t,h,i,e,s
T,r,a,n,s,i,t,i,o,n,a,l, ,C,e,l,l, ,C,a,r,c,i,n,o,m,a
C,r,o,h,n, ,C,o,l,i,t,i,s
c,r,o,h,n, ,c,o,l,i,t,i,s
B,i,c,u,s,p,i,d, ,A,o,r,t,i,c, ,V,a,l,v,e, ,D,i,s,e,a,s,e
F,r,i,e,d,r,e,i,c,h, ,A,t,a,x,i,a
P,e,r,i,o,d,o,n,t,i,t,i,s
D,e,m,e,n,t,i,a
C,h,a,g,a,s, ,D,i,s,e,a,s,e
A,z,o,o,s,p,e,r,m,i,a
I,n,f,l,a,m,m,a,t,o,r,y, ,B,o,w,e,l, ,D,i,s,e,a,s,e,s
L,i,p,o,s,a,r,c,o,m,a
R,e,s,p,i,r,a,t,o,r,y, ,S,y,n,c,y,t,i,a,l, ,V,i,r,u,s, ,P,n,e,u,m,o,n,i,a
C,e,r,e,b,r,a,l, ,M,a,l,a,r,i,a
P,r,o,l,i,f,e,r,a,t,i,v,e, ,G,l,o,m,e,r,u,l,o,n,e,p,h,r,i,t,i,s
D,i,a,b,e,t,i,c, ,R,e,t,i,n,o,p,a,t,h,y
U,t,e,r,i,n,e, ,C,a,n,c,e,r
C,o,n,g,e,n,i,t,a,l, ,H,e,a,r,t, ,D,i,s,e,a,s,e,s
P,r,i,m,a,r,y, ,S,c,l,e,r,o,s,i,n,g, ,C,h,o,l,a,n,g,i,t,i,s
P,u,l,m,o,n,a,r,y, ,S,a,r,c,o,i,d,o,s,i,s
t,r,a,u,m,a,t,i,c, ,b,r,a,i,n, ,i,n,j,u,r,y
R,e,c,u,r,r,e,n,t, ,S,p,o,n,t,a,n,e,o,u,s, ,A,b,o,r,t,i,o,n
C,y,s,t,i,c, ,F,i,b,r,o,s,i,s
H,e,p,a,t,i,c, ,V,e,n,o,-,O,c,c,l,u,s,i,v,e, ,D,i,s,e,a,s,e
F,r,a,i,l,t,y
V,i,r,a,l, ,I,n,f,e,c,t,i,o,u,s, ,D,i,s,e,a,s,e
H,e,p,a,t,i,t,i,s, ,[,u,n,s,p,e,c,i,f,i,c,]
K,a,w,a,s,a,k,i, ,S,y,n,d,r,o,m,e
a,d,e,n,o,c,a,r,c,i,n,o,m,a,",", ,e,s,o,p,h,a,g,e,a,l
T,e,s,t,i,c,u,l,a,r, ,G,e,r,m, ,C,e,l,l, ,T,u,m,o,r
V,a,s,c,u,l,a,r, ,M,y,e,l,o,p,a,t,h,y
A,n,e,u,r,y,s,m,a,l, ,S,u,b,a,r,a,c,h,n,o,i,d, ,H,e,m,o,r,r,h,a,g,e
L,e,u,k,e,m,i,a,",", ,B,-,C,e,l,l
B,r,a,i,n, ,N,e,o,p,l,a,s,m,s
F,o,c,a,l, ,E,p,i,t,h,e,l,i,a,l, ,H,y,p,e,r,p,l,a,s,i,a
l,e,u,k,e,m,i,a,",", ,l,y,m,p,h,o,b,l,a,s,t,i,c,",", ,a,c,u,t,e
E,c,z,e,m,a, ,H,e,r,p,e,t,i,c,u,m
C,a,r,c,i,n,o,m,a,",", ,E,m,b,r,y,o,n,a,l
C,e,r,e,b,e,l,l,u,m, ,C,a,n,c,e,r
L,e,u,k,e,m,i,a,",", ,M,y,e,l,o,i,d
T,o,n,g,u,e, ,N,e,o,p,l,a,s,m,s
P,r,i,o,n, ,D,i,s,e,a,s,e,s
R,h,a,b,d,o,m,y,o,s,a,r,c,o,m,a
V,i,r,a,l, ,M,y,o,c,a,r,d,i,t,i,s
M,e,d,u,l,l,o,b,l,a,s,t,o,m,a
W,o,u,n,d,s, ,a,n,d, ,I,n,j,u,r,i,e,s, ,[,u,n,s,p,e,c,i,f,i,c,]
F,a,t,t,y, ,L,i,v,e,r,",", ,A,l,c,o,h,o,l,i,c
P,u,l,m,o,n,a,r,y, ,E,m,b,o,l,i,s,m
o,s,t,e,o,a,r,t,h,r,i,t,i,s
C,e,r,e,b,r,a,l, ,I,s,c,h,e,m,i,a
H,y,p,e,r,l,i,p,i,d,e,m,i,a
b,r,e,a,s,t, ,n,e,o,p,l,a,s,m,s
I,n,f,l,a,m,m,a,t,i,o,n
F,a,t,t,y, ,L,i,v,e,r, ,[,u,n,s,p,e,c,i,f,i,c,]
I,d,i,o,p,a,t,h,i,c, ,S,h,o,r,t, ,S,t,a,t,u,r,e
A,n,k,y,l,o,s,i,n,g, ,S,p,o,n,d,y,l,i,t,i,s
S,y,s,t,e,m,i,c, ,L,u,p,u,s, ,E,r,y,t,h,e,m,a,t,o,s,u,s,",", ,W,i,t,h, ,P,e,r,i,c,a,r,d,i,t,i,s
P,a,n,c,r,e,a,t,i,c, ,E,n,d,o,c,r,i,n,e, ,C,a,r,c,i,n,o,m,a
M,o,y,a,m,o,y,a, ,D,i,s,e,a,s,e
A,t,o,p,i,c, ,D,e,r,m,a,t,i,t,i,s
O,r,a,l, ,L,i,c,h,e,n, ,P,l,a,n,u,s
M,o,u,n,t,a,i,n, ,S,i,c,k,n,e,s,s
C,a,r,d,i,a,c, ,A,l,l,o,g,r,a,f,t, ,V,a,s,c,u,l,o,p,a,t,h,y
H,y,p,e,r,c,h,o,l,e,s,t,e,r,o,l,a,e,m,i,a
A,u,t,o,i,m,m,u,n,e, ,D,i,s,e,a,s,e,s, ,[,u,n,s,p,e,c,i,f,i,c,]
C,a,r,d,i,o,m,e,g,a,l,y
C,h,r,o,n,i,c, ,F,a,t,i,g,u,e, ,S,y,n,d,r,o,m,e
D,e,p,r,e,s,s,i,o,n, ,D,i,s,o,r,d,e,r
m,y,o,c,a,r,d,i,a,l, ,i,n,f,a,r,c,t,i,o,n
D,o,w,n, ,S,y,n,d,r,o,m,e
H,e,a,r,i,n,g, ,L,o,s,s
C,h,o,l,e,s,t,e,a,t,o,m,a
N,e,u,r,i,l,e,m,m,o,m,a
V,a,s,c,u,l,a,r, ,D,i,s,e,a,s,e, ,[,u,n,s,p,e,c,i,f,i,c,]
M,i,g,r,a,i,n,e
C,a,r,c,i,n,o,m,a,",", ,T,h,y,r,o,i,d
C,h,r,o,n,i,c, ,B,r,u,c,e,l,l,o,s,i,s
P,e,r,i,p,h,e,r,a,l, ,N,e,r,v,e, ,I,n,j,u,r,y
G,l,y,c,o,g,e,n, ,S,t,o,r,a,g,e, ,D,i,s,e,a,s,e, ,I,I
m,e,t,a,b,o,l,i,c, ,s,y,n,d,r,o,m,e
A,m,y,l,o,i,d,o,s,i,s
W,a,l,d,e,n,s,t,r,o,m, ,M,a,c,r,o,g,l,o,b,u,l,i,n,e,m,i,a
H,u,m,a,n, ,P,a,p,i,l,l,o,m,a, ,V,i,r,u,s, ,I,n,f,e,c,t,i,o,n
C,h,r,o,n,i,c, ,H,e,p,a,t,i,t,i,s
I,s,c,h,e,m,i,a
I,d,i,o,p,a,t,h,i,c, ,P,u,l,m,o,n,a,r,y, ,F,i,b,r,o,s,i,s
C,e,n,t,r,a,l, ,N,e,r,v,o,u,s, ,S,y,s,t,e,m, ,E,m,b,r,y,o,n,a,l, ,T,u,m,o,r
P,e,l,v,i,c, ,I,n,f,l,a,m,m,a,t,o,r,y, ,D,i,s,e,a,s,e
p,e,l,v,i,c, ,i,n,f,l,a,m,m,a,t,o,r,y, ,d,i,s,e,a,s,e
G,r,a,v,e,s, ,O,p,h,t,h,a,l,m,o,p,a,t,h,y
I,n,t,e,r,m,i,t,t,e,n,t, ,C,l,a,u,d,i,c,a,t,i,o,n
P,l,e,u,r,a,l, ,M,e,s,o,t,h,e,l,i,o,m,a
T,o,x,i,c, ,E,p,i,d,e,r,m,a,l, ,N,e,c,r,o,l,y,s,i,s
M,a,l,i,g,n,a,n,t, ,N,e,o,p,l,a,s,m,s, ,[,u,n,s,p,e,c,i,f,i,c,]
A,u,t,o,i,m,m,u,n,e, ,H,e,p,a,t,i,t,i,s
A,c,q,u,i,r,e,d, ,I,m,m,u,n,o,d,e,f,i,c,i,e,n,c,y, ,S,y,n,d,r,o,m,e
E,p,e,n,d,y,m,o,m,a
H,e,a,r,t, ,T,r,a,n,s,p,l,a,n,t, ,R,e,j,e,c,t,i,o,n
C,a,r,c,i,n,o,m,a,",", ,P,e,r,i,a,m,p,u,l,l,a,r,y
C,a,r,c,i,n,o,m,a,",", ,U,r,o,t,h,e,l,i,a,l
E,n,c,e,p,h,a,l,i,t,i,s
l,u,n,g, ,n,e,o,p,l,a,s,m,s
M,y,o,t,o,n,i,c, ,M,u,s,c,u,l,a,r, ,D,y,s,t,r,o,p,h,y
L,y,m,p,h,o,m,a,",", ,L,a,r,g,e, ,B,-,C,e,l,l
R,e,c,t,u,m, ,A,d,e,n,o,c,a,r,c,i,n,o,m,a
D,i,a,b,e,t,i,c, ,F,o,o,t
B,-,c,e,l,l, ,C,h,i,l,d,h,o,o,d, ,A,c,u,t,e, ,L,y,m,p,h,o,b,l,a,s,t,i,c, ,L,e,u,k,e,m,i,a
S,t,e,v,e,n,s,-,J,o,h,n,s,o,n, ,S,y,n,d,r,o,m,e
P,l,a,s,m,o,d,i,u,m, ,F,a,l,c,i,p,a,r,u,m, ,M,a,l,a,r,i,a
S,a,r,c,o,m,a, ,[,u,n,s,p,e,c,i,f,i,c,]
c,a,r,c,i,n,o,m,a,",", ,l,u,n,g,",", ,n,o,n,-,s,m,a,l,l,-,c,e,l,l
N,e,u,r,o,b,l,a,s,t,o,m,a
s,y,s,t,e,m,i,c, ,l,u,p,u,s, ,e,r,y,t,h,e,m,a,t,o,s,u,s
E,a,r,l,y,-,S,t,a,g,e, ,L,u,n,g, ,A,d,e,n,o,c,a,r,c,i,n,o,m,a
L,i,v,e,r, ,F,i,b,r,o,s,i,s
L,e,u,k,e,m,i,a,",", ,T,-,C,e,l,l
S,q,u,a,m,o,u,s, ,C,e,l,l, ,C,a,r,c,i,n,o,m,a
C,a,r,c,i,n,o,m,a,",", ,E,n,d,o,m,e,t,r,i,a,l
A,d,e,n,o,c,a,r,c,i,n,o,m,a,",", ,C,o,l,o,n
C,h,r,o,n,i,c, ,I,n,f,l,a,m,m,a,t,o,r,y, ,P,a,i,n
C,h,o,n,d,r,o,s,a,r,c,o,m,a
H,e,l,i,c,o,b,a,c,t,e,r, ,p,y,l,o,r,i, ,I,n,f,e,c,t,i,o,n
W,i,l,m,s, ,T,u,m,o,r
S,o,f,t, ,T,i,s,s,u,e, ,S,a,r,c,o,m,a
s,o,f,t, ,t,i,s,s,u,e, ,s,a,r,c,o,m,a
C,o,l,o,n, ,A,d,e,n,o,m,a
S,k,i,n, ,N,e,o,p,l,a,s,m,s
S,a,r,c,o,m,a,t,o,i,d, ,M,e,s,o,t,h,e,l,i,o,m,a
A,d,e,n,o,c,a,r,c,i,n,o,m,a,",", ,E,s,o,p,h,a,g,e,a,l
O,v,a,r,i,a,n, ,S,e,r,o,u,s, ,C,y,s,t,a,d,e,n,o,c,a,r,c,i,n,o,m,a
C,a,r,c,i,n,o,m,a,",", ,E,n,d,o,m,e,t,r,i,o,i,d, ,E,n,d,o,m,e,t,r,i,a,l
N,e,r,v,o,u,s, ,S,y,s,t,e,m, ,D,i,s,e,a,s,e,s, ,[,u,n,s,p,e,c,i,f,i,c,]
T,o,u,r,e,t,t,e, ,S,y,n,d,r,o,m,e
o,v,a,r,i,a,n, ,n,e,o,p,l,a,s,m,s
S,e,n,s,o,r,i,n,e,u,r,a,l, ,H,e,a,r,i,n,g, ,L,o,s,s
L,e,u,k,e,m,i,a,",", ,B,i,p,h,e,n,o,t,y,p,i,c,",", ,A,c,u,t,e
S,q,u,a,m,o,u,s, ,C,e,l,l, ,C,a,r,c,i,n,o,m,a,",", ,C,e,r,e,v,i,a,l
M,y,o,p,i,a
G,o,u,t
g,o,u,t
H,a,b,i,t,u,a,l, ,A,b,o,r,t,i,o,n
D,y,s,p,e,p,s,i,a
I,n,t,r,a,c,r,a,n,i,a,l, ,A,n,e,u,r,y,s,m
V,i,t,i,l,i,g,o
P,s,y,c,h,i,a,t,r,i,c, ,D,i,s,o,r,d,e,r,s
C,a,t,a,r,a,c,t
H,y,p,e,r,g,l,y,c,e,m,i,a
N,o,n,-,S,y,n,d,r,o,m,i,c, ,O,r,o,f,a,c,i,a,l, ,C,l,e,f,t,s
A,l,c,o,h,o,l, ,U,s,e, ,D,i,s,o,r,d,e,r
U,v,e,i,t,i,s
D,e,r,m,a,t,o,m,y,o,s,i,t,i,s
I,g,A, ,N,e,p,h,r,o,p,a,t,h,y
A,u,t,o,i,m,m,u,n,e, ,T,h,y,r,o,i,d,i,t,i,s
C,o,r,o,n,a,r,y, ,R,e,s,t,e,n,o,s,i,s
L,e,p,r,o,s,y
G,e,n,e,r,a,l,i,z,e,d, ,E,p,i,l,e,p,s,y, ,w,i,t,h, ,F,e,b,r,i,l,e, ,S,e,i,z,u,r,e,s, ,P,l,u,s
L,i,-,F,r,a,u,m,e,n,i, ,S,y,n,d,r,o,m,e
A,d,e,n,o,c,a,r,c,i,n,o,m,a,",", ,G,a,s,t,r,i,c
C,a,r,d,i,o,m,e,t,a,b,o,l,i,c, ,D,i,s,o,r,d,e,r,s
N,e,u,r,o,p,s,y,c,h,i,a,t,r,i,c, ,D,i,s,o,r,d,e,r,s, ,[,u,n,s,p,e,c,i,f,i,c,]
e,n,d,o,m,e,t,r,i,a,l, ,n,e,o,p,l,a,s,m,s
C,a,r,o,t,i,d, ,A,t,h,e,r,o,s,c,l,e,r,o,s,i,s
T,o,o,t,h, ,A,g,e,n,e,s,i,s
L,y,m,p,h,o,m,a,",", ,F,o,l,l,i,c,u,l,a,r
P,e,m,p,h,i,g,u,s
O,s,s,i,f,i,c,a,t,i,o,n, ,o,f, ,P,o,s,t,e,r,i,o,r, ,L,o,n,g,i,t,u,d,i,n,a,l, ,L,i,g,a,m,e,n,t
K,a,p,o,s,i, ,S,a,r,c,o,m,a
h,u,m,a,n, ,i,m,m,u,n,o,d,e,f,i,c,i,e,n,c,y, ,v,i,r,u,s, ,i,n,f,e,c,t,i,o,n
M,a,c,u,l,a,r, ,D,e,g,e,n,e,r,a,t,i,o,n
N,e,u,r,o,i,n,f,l,a,m,m,a,t,i,o,n
C,r,e,u,t,z,f,e,l,d,t,-,J,a,k,o,b, ,D,i,s,e,a,s,e
L,y,m,p,h,e,d,e,m,a
P,s,o,r,i,a,t,i,c, ,A,r,t,h,r,i,t,i,s
I,n,f,e,r,t,i,l,i,t,y
C,h,a,r,c,o,t,-,M,a,r,i,e,-,T,o,o,t,h, ,D,i,s,e,a,s,e, ,T,y,p,e, ,1,A
L,y,m,p,h,o,m,a,",", ,M,a,n,t,l,e,-,C,e,l,l
P,r,o,g,r,e,s,s,i,v,e, ,S,u,p,r,a,n,u,c,l,e,a,r, ,P,a,l,s,y
M,u,s,c,u,l,o,s,k,e,l,e,t,a,l, ,A,b,n,o,r,m,a,l,i,t,i,e,s, ,[,u,n,s,p,e,c,i,f,i,c,]
a,t,r,i,a,l, ,f,i,b,r,i,l,l,a,t,i,o,n
I,d,i,o,p,a,t,h,i,c, ,P,u,l,m,o,n,a,r,y, ,H,y,p,e,r,t,e,n,s,i,o,n
P,r,i,m,a,r,y, ,I,m,m,u,n,o,d,e,f,i,c,i,e,n,c,y, ,D,i,s,e,a,s,e
R,e,n,a,l, ,F,i,b,r,o,s,i,s
P,t,e,r,y,g,i,u,m
H,y,p,o,g,o,n,a,d,o,t,r,o,p,i,c, ,H,y,p,o,g,o,n,a,d,i,s,m
C,h,r,o,n,i,c, ,H,e,a,r,t, ,F,a,i,l,u,r,e
C,a,r,c,i,n,o,m,a,",", ,T,h,y,r,o,i,d,",", ,M,e,d,u,l,l,a,r,y
I,m,m,u,n,e, ,S,y,s,t,e,m, ,D,i,s,e,a,s,e, ,[,u,n,s,p,e,c,i,f,i,c,]
E,n,c,e,p,h,a,l,o,m,y,e,l,i,t,i,s
I,n,t,e,r,v,e,r,t,e,b,r,a,l, ,D,i,s,c, ,D,e,g,e,n,e,r,a,t,i,o,n
S,q,u,a,m,o,u,s, ,C,e,l,l, ,C,a,r,c,i,n,o,m,a,",", ,T,o,n,g,u,e
V,a,s,c,u,l,a,r, ,I,n,j,u,r,i,e,s
c,a,r,c,i,n,o,m,a,",", ,n,a,s,o,p,h,a,r,y,n,g,e,a,l
I,n,f,e,c,t,i,o,n, ,[,u,n,s,p,e,c,i,f,i,c,]
L,i,s,t,e,r,i,o,s,i,s
C,o,l,i,t,i,s
A,l,c,o,h,o,l,i,c, ,H,e,p,a,t,i,t,i,s
L,e,i,o,m,y,o,s,a,r,c,o,m,a
R,h,i,n,o,s,i,n,u,s,i,t,i,s
A,c,u,t,e, ,E,r,y,t,h,r,o,i,d, ,L,e,u,k,e,m,i,a
G,a,s,t,r,o,i,n,t,e,s,t,i,n,a,l, ,S,t,r,o,m,a,l, ,T,u,m,o,r
C,a,r,c,i,n,o,m,a,",", ,L,a,r,y,n,g,e,a,l
F,a,n,c,o,n,i, ,A,n,e,m,i,a
J,u,v,e,n,i,l,e, ,R,h,e,u,m,a,t,o,i,d, ,A,r,t,h,r,i,t,i,s
C,y,t,o,t,o,x,i,c,i,t,y, ,T,e,s,t,s,",", ,I,m,m,u,n,o,l,o,g,i,c
N,e,o,v,a,s,c,u,l,a,r,i,z,a,t,i,o,n,",", ,P,a,t,h,o,l,o,g,i,c
H,y,p,e,r,t,r,o,p,h,i,c, ,S,c,a,r
W,o,u,n,d, ,H,e,a,l,i,n,g
n,e,u,r,o,b,l,a,s,t,o,m,a
U,t,e,r,i,n,e, ,L,e,i,o,m,y,o,m,a
L,i,v,e,r, ,F,a,i,l,u,r,e
P,i,t,u,i,t,a,r,y, ,A,d,e,n,o,m,a
N,e,u,r,o,p,a,t,h,i,c, ,P,a,i,n
C,o,n,g,e,n,i,t,a,l, ,D,i,a,p,h,r,a,g,m,a,t,i,c, ,H,e,r,n,i,a
R,e,t,i,n,a,l, ,N,e,o,v,a,s,c,u,l,a,r,i,z,a,t,i,o,n
A,d,e,n,o,v,i,r,u,s, ,I,n,f,e,c,t,i,o,n
c,a,r,d,i,o,v,a,s,c,u,l,a,r, ,d,i,s,e,a,s,e,s, ,[,u,n,s,p,e,c,i,f,i,c,]
A,s,t,r,o,c,y,t,o,m,a
L,a,r,y,n,g,e,a,l, ,N,e,o,p,l,a,s,m,s
C,a,r,c,i,n,o,m,a,",", ,S,k,i,n
L,y,m,p,h,o,m,a,",", ,T,-,C,e,l,l,",", ,C,u,t,a,n,e,o,u,s
H,y,p,o,x,i,a
C,a,r,c,i,n,o,m,a,",", ,S,a,l,i,v,a,r,y, ,A,d,e,n,o,i,d, ,C,y,s,t,i,c
C,h,r,o,n,i,c, ,P,a,i,n
L,a,c,r,i,m,a,l, ,A,d,e,n,o,i,d, ,C,y,s,t,i,c, ,C,a,r,c,i,n,o,m,a
I,n,v,a,s,i,v,e, ,B,l,a,d,d,e,r, ,T,r,a,n,s,i,t,i,o,n,a,l, ,C,e,l,l, ,C,a,r,c,i,n,o,m,a
G,r,a,n,u,l,a,r, ,C,o,r,n,e,a,l, ,D,y,s,t,r,o,p,h,y
A,l,l,e,r,g,y
C,a,r,d,i,o,m,y,o,p,a,t,h,y,",", ,I,s,c,h,e,m,i,c
i,s,c,h,e,m,i,a,-,r,e,p,e,r,f,u,s,i,o,n, ,i,n,j,u,r,y
G,e,r,m, ,C,e,l,l, ,A,n,d, ,E,m,b,r,y,o,n,a,l, ,N,e,o,p,l,a,s,m,s
T,e,r,a,t,o,c,a,r,c,i,n,o,m,a
L,i,p,i,d, ,M,e,t,a,b,o,l,i,s,m, ,D,i,s,o,r,d,e,r
B,a,r,r,e,t,t, ,E,s,o,p,h,a,g,u,s
m,e,d,u,l,l,o,b,l,a,s,t,o,m,a
N,e,u,t,r,o,p,e,n,i,a
P,a,i,n
M,e,n,i,n,g,i,o,m,a
I,n,t,r,a,c,e,r,e,b,r,a,l, ,H,e,m,o,r,r,h,a,g,e
A,l,o,p,e,c,i,a
S,e,v,e,r,e, ,A,c,u,t,e, ,R,e,s,p,i,r,a,t,o,r,y, ,S,y,n,d,r,o,m,e, ,V,i,r,u,s, ,I,n,f,e,c,t,i,o,n
C,h,l,a,m,y,d,i,a,l, ,I,n,f,e,c,t,i,o,n, 
C,h,o,r,d,o,m,a
T,o,x,o,p,l,a,s,m,a, ,g,o,n,d,i,i, ,I,n,f,e,c,t,i,o,n
A,c,u,t,e, ,M,e,g,a,k,a,r,y,o,b,l,a,s,t,i,c, ,L,e,u,k,e,m,i,a
G,r,a,n,u,l,o,s,a, ,C,e,l,l, ,T,u,m,o,r
C,o,c,a,i,n,e, ,A,b,u,s,e
D,i,s,t,a,l, ,M,y,o,p,a,t,h,y
a,s,t,h,m,a
C,a,r,c,i,n,o,m,a,",", ,B,a,s,a,l, ,C,e,l,l
C,h,i,l,d,h,o,o,d, ,L,e,u,k,e,m,i,a
P,a,n,i,c, ,D,i,s,o,r,d,e,r
P,e,r,i,o,d,o,n,t,a,l, ,D,i,s,e,a,s,e,s
C,o,n,g,e,n,i,t,a,l, ,D,e,a,f,n,e,s,s
A,n,t,i,p,h,o,s,p,h,o,l,i,p,i,d, ,S,y,n,d,r,o,m,e
c,a,r,c,i,n,o,m,a,",", ,h,e,p,a,t,o,c,e,l,l,u,l,a,r
S,q,u,a,m,o,u,s, ,C,e,l,l, ,C,a,r,c,i,n,o,m,a,",", ,M,a,x,i,l,l,a,r,y, ,S,i,n,u,s
A,t,r,o,p,h,i,c, ,G,a,s,t,r,i,t,i,s
H,a,i,l,e,y,-,H,a,i,l,e,y, ,D,i,s,e,a,s,e
A,n,u,s, ,N,e,o,p,l,a,s,m
A,d,e,n,o,c,a,r,c,i,n,o,m,a,",", ,E,n,d,o,m,e,t,r,i,a,l
H,a,n,d,",", ,F,o,o,t, ,A,n,d, ,M,o,u,t,h, ,D,i,s,e,a,s,e
B,i,l,i,a,r,y, ,A,t,r,e,s,i,a
S,e,z,a,r,y, ,D,i,s,e,a,s,e
K,e,l,o,i,d
T,h,r,o,m,b,o,c,y,t,o,s,i,s
C,a,r,d,i,a,c, ,F,i,b,r,o,s,i,s
D,i,f,f,u,s,e, ,L,i,p,o,m,a,t,o,s,i,s
O,r,a,l, ,L,e,u,k,o,p,l,a,k,i,a
L,e,p,r,o,m,a,t,o,u,s, ,L,e,p,r,o,s,y
P,o,r,c,i,n,e, ,R,e,p,r,o,d,u,c,t,i,v,e, ,a,n,d, ,R,e,s,p,i,r,a,t,o,r,y, ,S,y,n,d,r,o,m,e, ,V,i,r,u,s, ,I,n,f,e,c,t,i,o,n
I,n,t,e,r,s,t,i,t,i,a,l, ,C,y,s,t,i,t,i,s
i,n,f,l,a,m,m,a,t,i,o,n
P,s,y,c,h,o,t,i,c, ,D,i,s,o,r,d,e,r,s
F,e,i,n,g,o,l,d, ,S,y,n,d,r,o,m,e
H,e,p,a,t,i,t,i,s, ,E, ,V,i,r,u,s, ,I,n,f,e,c,t,i,o,n
P,a,n,c,r,e,a,t,i,c, ,S,e,r,o,u,s, ,C,y,s,t,i,c, ,N,e,o,p,l,a,s,m
P,h,e,o,c,h,r,o,m,o,c,y,t,o,m,a
p,h,e,o,c,h,r,o,m,o,c,y,t,o,m,a
C,h,r,o,n,i,c, ,I,n,f,l,a,m,m,a,t,i,o,n
S,a,l,i,v,a,r,y, ,G,l,a,n,d, ,N,e,o,p,l,a,s,m,s
L,e,s,c,h,-,N,y,h,a,n, ,S,y,n,d,r,o,m,e
C,o,x,s,a,c,k,i,e,v,i,r,u,s, ,I,n,f,e,c,t,i,o,n
S,a,l,m,o,n,e,l,l,o,s,i,s
M,i,c,r,o,v,a,s,c,u,l,a,r, ,D,i,s,e,a,s,e
b,l,a,d,d,e,r, ,n,e,o,p,l,a,s,m,s
V,u,l,v,a,r, ,S,q,u,a,m,o,u,s, ,C,e,l,l, ,C,a,r,c,i,n,o,m,a
P,e,d,i,a,t,r,i,c, ,G,l,i,o,m,a
H,a,n,t,a,v,i,r,u,s, ,I,n,f,e,c,t,i,o,n
L,e,i,s,h,m,a,n,i,a,s,i,s
P,e,r,l,m,a,n, ,S,y,n,d,r,o,m,e
C,h,i,k,u,n,g,u,n,y,a, ,V,i,r,u,s, ,I,n,f,e,c,t,i,o,n
F,e,t,a,l, ,A,l,c,o,h,o,l, ,S,p,e,c,t,r,u,m, ,D,i,s,o,r,d,e,r
F,u,c,h,s, ,E,n,d,o,t,h,e,l,i,a,l, ,D,y,s,t,r,o,p,h,y
B,l,a,d,d,e,r, ,O,u,t,l,e,t, ,O,b,s,t,r,u,c,t,i,o,n
S,y,s,t,e,m,i,c, ,M,a,s,t,o,c,y,t,o,s,i,s
S,q,u,a,m,o,u,s, ,C,e,l,l, ,C,a,r,c,i,n,o,m,a,",", ,S,k,i,n, ,o,r, ,U,n,s,p,e,c,i,f,i,c
W,o,u,n,d, ,I,n,f,l,a,m,m,a,t,i,o,n
D,i,a,b,e,t,i,c, ,V,a,s,c,u,l,o,p,a,t,h,y
P,e,d,i,a,t,r,i,c, ,O,s,t,e,o,s,a,r,c,o,m,a
C,h,i,l,d,h,o,o,d, ,O,b,e,s,i,t,y
M,e,n,i,n,g,i,t,i,s
S,k,i,n, ,D,i,s,e,a,s,e, ,[,u,n,s,p,e,c,i,f,i,c,]
C,a,r,c,i,n,o,m,a,",", ,T,o,u,n,g,e
E,n,t,e,r,o,v,i,r,u,s, ,I,n,f,e,c,t,i,o,n
E,a,r,l,y,-,S,t,a,g,e, ,S,m,a,l,l,-,C,e,l,l, ,L,u,n,g, ,C,a,r,c,i,n,o,m,a
S,e,l,e,c,t,i,v,e, ,I,g,E, ,D,e,f,i,c,i,e,n,c,y, ,D,i,s,e,a,s,e
L,o,n,g, ,Q,T, ,S,y,n,d,r,o,m,e
C,e,r,v,i,x, ,E,n,d,o,m,e,t,r,i,a,l, ,S,t,r,o,m,a,l, ,T,u,m,o,r
T,e,t,r,a,l,o,g,y, ,O,f, ,F,a,l,l,o,t
B,r,e,a,s,t, ,M,a,l,i,g,n,a,n,t, ,P,h,y,l,l,o,d,e,s, ,T,u,m,o,r
K,e,r,a,t,i,t,i,s
E,p,s,t,e,i,n,-,B,a,r,r, ,V,i,r,u,s, ,I,n,f,e,c,t,i,o,n
P,o,s,t,e,r,i,o,r, ,C,a,p,s,u,l,e, ,O,p,a,c,i,f,i,c,a,t,i,o,n
A,o,r,t,i,c, ,A,n,e,u,r,y,s,m
E,b,o,l,a, ,H,e,m,o,r,r,h,a,g,i,c, ,F,e,v,e,r
A,d,e,n,o,c,a,r,c,i,n,o,m,a,",", ,P,r,o,s,t,a,t,e
a,d,e,n,o,c,a,r,c,i,n,o,m,a,",", ,p,r,o,s,t,a,t,e
C,a,r,c,i,n,o,m,a,",", ,O,v,a,r,i,a,n,",", ,C,l,e,a,r, ,C,e,l,l
T,i,b,i,a,l, ,M,e,n,i,s,c,u,s, ,I,n,j,u,r,i,e,s
C,a,r,c,i,n,o,m,a,",", ,N,e,u,r,o,e,n,d,o,c,r,i,n,e
A,t,y,p,i,c,a,l, ,T,e,r,a,t,o,i,d, ,T,u,m,o,r
G,a,l,l,s,t,o,n,e,s
U,t,e,r,i,n,e, ,C,o,r,p,u,s, ,C,h,o,r,i,o,c,a,r,c,i,n,o,m,a
E,n,d,o,m,e,t,r,i,a,l, ,S,t,r,o,m,a,l, ,S,a,r,c,o,m,a
A,n,d,r,o,g,e,n,e,t,i,c, ,A,l,o,p,e,c,i,a
c,y,s,t,i,c, ,f,i,b,r,o,s,i,s
C,h,o,l,e,s,t,a,s,i,s
A,d,e,n,o,c,a,r,c,i,n,o,m,a,",", ,C,e,r,v,i,c,a,l
B,i,p,o,l,a,r, ,D,i,s,o,r,d,e,r
T,h,r,o,m,b,o,s,i,s
J,a,p,a,n,e,s,e, ,E,n,c,e,p,h,a,l,i,t,i,s, ,V,i,r,u,s, ,I,n,f,e,c,t,i,o,n
T,h,y,r,o,i,d, ,A,d,e,n,o,m,a,s
s,q,u,a,m,o,u,s, ,c,e,l,l, ,c,a,r,c,i,n,o,m,a,",", ,t,o,n,g,u,e
P,r,e,g,n,a,n,c,y, ,C,o,m,p,l,i,c,a,t,i,o,n,s, ,[,u,n,s,p,e,c,i,f,i,c,]
C,e,r,v,i,c,i,t,i,s
M,a,n,d,i,b,u,l,a,r, ,P,r,o,g,n,a,t,h,i,s,m
N,a,r,c,o,l,e,p,s,y
N,e,u,r,o,e,n,d,o,c,r,i,n,e, ,T,u,m,o,r,s
C,o,l,o,b,o,m,a
C,h,r,o,m,o,s,o,m,e, ,5,q, ,D,e,l,e,t,i,o,n, ,S,y,n,d,r,o,m,e
T,o,x,i,c, ,E,n,c,e,p,h,a,l,o,p,a,t,h,y
I,n,t,e,l,l,e,c,t,u,a,l, ,D,i,s,a,b,i,l,i,t,y
L,e,u,k,e,m,i,a,",", ,M,y,e,l,o,g,e,n,o,u,s,",", ,C,h,r,o,n,i,c,",", ,B,C,R,-,A,B,L, ,P,o,s,i,t,i,v,e
C,o,s,t,e,l,l,o, ,S,y,n,d,r,o,m,e
C,o,l,o,r,e,c,t,a,l, ,A,d,e,n,o,m,a
N,o,n,-,S,e,n,s,o,r,y, ,D,i,s,e,a,s,e,s
E,a,r,l,y,-,S,t,a,g,e, ,C,o,l,o,n, ,C,a,r,c,i,n,o,m,a
H,e,m,o,p,h,i,l,i,a, ,A
M,i,t,o,c,h,o,n,d,r,i,a,l, ,M,e,t,a,b,o,l,i,s,m, ,D,i,s,e,a,s,e
G,r,o,w,t,h, ,D,i,s,o,r,d,e,r,s
D,i,g,e,o,r,g,e, ,S,y,n,d,r,o,m,e
A,o,r,t,i,c, ,I,n,s,u,f,f,i,c,i,e,n,c,y
H,y,p,o,g,o,n,a,d,i,s,m
E,m,p,h,y,s,e,m,a
P,e,r,i,t,o,n,e,a,l, ,D,i,a,l,y,s,i,s, ,F,a,i,l,u,r,e
D,i,s,e,a,s,e, ,o,f, ,M,e,t,a,b,o,l,i,s,m
A,n,e,u,r,y,s,m
B,r,o,n,c,h,i,o,l,i,t,i,s, ,O,b,l,i,t,e,r,a,n,s, ,S,y,n,d,r,o,m,e
C,a,r,c,i,n,o,m,a,",", ,M,e,r,k,e,l, ,C,e,l,l
C,a,r,c,i,n,o,m,a,",", ,G,a,s,t,r,o,o,e,s,o,p,h,a,g,e,a,l
N,e,u,r,o,f,i,b,r,o,m,a,t,o,s,i,s, ,t,y,p,e, ,2
O,v,a,r,i,a,n, ,D,i,s,e,a,s,e
P,n,e,u,m,o,n,i,a
R,e,c,u,r,r,e,n,t, ,W,h,e,e,z,i,n,g
B,o,n,e, ,D,i,s,e,a,s,e, ,[,u,n,s,p,e,c,i,f,i,c,]
B,l,i,n,d,n,e,s,s
A,t,r,i,o,v,e,n,t,r,i,c,u,l,a,r, ,S,e,p,t,a,l, ,D,e,f,e,c,t
P,r,e,t,e,r,m, ,L,a,b,o,r
C,h,r,o,m,o,s,o,m,e, ,1,5,q,1,3,.,3, ,M,i,c,r,o,d,e,l,e,t,i,o,n, ,S,y,n,d,r,o,m,e
H,o,l,t,-,O,r,a,m, ,S,y,n,d,r,o,m,e
i,n,t,r,a,h,e,p,a,t,i,c, ,c,h,o,l,a,n,g,i,o,c,a,r,c,i,n,o,m,a
O,s,t,e,o,g,e,n,e,s,i,s, ,I,m,p,e,r,f,e,c,t,a
C,a,r,c,i,n,o,m,a,",", ,T,h,y,r,o,i,d,",", ,A,n,a,p,l,a,s,t,i,c
L,e,u,k,e,m,i,a,",", ,L,y,m,p,h,o,b,l,a,s,t,i,c,",", ,A,c,u,t,e,",", ,B,-,C,e,l,l
G,a,s,t,r,i,c, ,C,a,r,d,i,a, ,A,d,e,n,o,c,a,r,c,i,n,o,m,a
A,c,u,t,e, ,B,r,u,c,e,l,l,o,s,i,s
W,h,i,t,e, ,S,p,o,t, ,S,y,n,d,r,o,m,e, ,V,i,r,u,s, ,I,n,f,e,c,t,i,o,n
H,e,m,o,g,l,o,b,i,n, ,D,i,s,e,a,s,e,s
C,a,r,d,i,a,c, ,M,y,o,c,y,t,e, ,I,n,j,u,r,y
B,r,e,a,s,t, ,A,d,e,n,o,c,a,r,c,i,n,o,m,a
M,y,e,l,o,f,i,b,r,o,s,i,s
P,e,r,s,i,s,t,e,n,t, ,F,e,t,a,l, ,C,i,r,c,u,l,a,t,i,o,n, ,S,y,n,d,r,o,m,e
C,e,r,e,b,r,a,l, ,A,n,e,u,r,y,s,m
O,s,t,e,o,p,o,r,o,s,i,s,",", ,P,o,s,t,m,e,n,o,p,a,u,s,a,l
p,a,r,k,i,n,s,o,n, ,d,i,s,e,a,s,e
B,r,e,a,s,t, ,D,u,c,t,a,l, ,C,a,r,c,i,n,o,m,a
C,a,r,c,i,n,o,m,a,",", ,G,i,n,g,i,v,a,l
H,u,m,a,n, ,C,y,t,o,m,e,g,a,l,o,v,i,r,u,s, ,I,n,f,e,c,t,i,o,n
h,u,m,a,n, ,c,y,t,o,m,e,g,a,l,o,v,i,r,u,s, ,i,n,f,e,c,t,i,o,n
N,a,s,a,l, ,C,a,v,i,t,y, ,I,n,v,e,r,t,i,n,g, ,P,a,p,i,l,l,o,m,a
B,l,o,o,d, ,C,o,a,g,u,l,a,t,i,o,n, ,D,i,s,o,r,d,e,r,s
E,a,r,l,y,-,S,t,a,g,e, ,C,o,l,o,n, ,A,d,e,n,o,c,a,r,c,i,n,o,m,a
N,e,u,r,o,n,a,l, ,A,p,o,p,t,o,s,i,s,-,R,e,l,a,t,e,d, ,D,i,s,e,a,s,e,s
R,e,t,i,n,a,l, ,V,a,s,c,u,l,a,r, ,D,i,s,e,a,s,e
A,l,v,e,o,l,a,r, ,R,h,a,b,d,o,m,y,o,s,a,r,c,o,m,a
H,e,a,r,t, ,V,a,l,v,e, ,D,i,s,e,a,s,e
L,u,n,g, ,I,n,j,u,r,y, ,[,u,n,s,p,e,c,i,f,i,c,]
D,e,n,t,a,l, ,E,n,a,m,e,l, ,H,y,p,o,p,l,a,s,i,a
H,y,p,o,h,i,d,r,o,t,i,c, ,E,c,t,o,d,e,r,m,a,l, ,D,y,s,p,l,a,s,i,a
S,t,a,t,u,s, ,E,p,i,l,e,p,t,i,c,u,s
S,a,l,i,v,a,r,y, ,G,l,a,n,d, ,D,i,s,e,a,s,e
C,o,n,e, ,D,y,s,t,r,o,p,h,y
A,l,l,e,r,g,i,c, ,C,o,n,t,a,c,t, ,D,e,r,m,a,t,i,t,i,s
C,o,r,n,e,a, ,S,q,u,a,m,o,u,s, ,C,e,l,l, ,C,a,r,c,i,n,o,m,a
S,c,i,a,t,i,c, ,N,e,r,v,e, ,I,n,j,u,r,y
a,l,v,e,o,l,a,r, ,r,h,a,b,d,o,m,y,o,s,a,r,c,o,m,a
P,e,d,i,a,t,r,i,c, ,E,p,e,n,d,y,m,o,m,a
D,i,a,b,e,t,i,c, ,E,n,c,e,p,h,a,l,o,p,a,t,h,y
D,i,a,b,e,t,i,c, ,P,o,l,y,n,e,u,r,o,p,a,t,h,y
R,e,s,p,i,r,a,t,o,r,y, ,S,y,s,t,e,m, ,D,i,s,e,a,s,e
I,n,f,e,c,t,i,o,u,s, ,B,u,r,s,a,l, ,D,i,s,e,a,s,e, ,V,i,r,u,s
M,o,n,o,c,y,t,i,c, ,L,e,u,k,e,m,i,a
C,a,r,c,i,n,o,m,a,",", ,P,a,n,c,r,e,a,t,i,c, ,D,u,c,t,a,l
A,r,t,e,r,i,o,v,e,n,o,u,s, ,M,a,l,f,o,r,m,a,t,i,o,n,s, ,o,f, ,t,h,e, ,B,r,a,i,n
B,e,c,k,e,r, ,M,u,s,c,u,l,a,r, ,D,y,s,t,r,o,p,h,y
M,u,s,c,u,l,a,r, ,D,y,s,t,r,o,p,h,y,",", ,F,a,c,i,o,s,c,a,p,u,l,o,h,u,m,e,r,a,l
B,r,o,n,c,h,o,p,n,e,u,m,o,n,i,a
R,h,e,u,m,a,t,i,c, ,M,y,o,c,a,r,d,i,t,i,s
m,u,s,c,l,e, ,d,i,s,e,a,s,e,s, ,[,u,n,s,p,e,c,i,f,i,c,]
D,i,a,b,e,t,i,c, ,P,e,r,i,p,h,e,r,a,l, ,N,e,u,r,o,p,a,t,h,y
C,a,r,c,i,n,o,m,a,",", ,O,r,o,p,h,a,r,y,n,g,e,a,l
F,a,b,r,y, ,D,i,s,e,a,s,e
S,u,b,a,c,u,t,e, ,S,c,l,e,r,o,s,i,n,g, ,P,a,n,e,n,c,e,p,h,a,l,i,t,i,s
s,q,u,a,m,o,u,s, ,c,e,l,l, ,c,a,r,c,i,n,o,m,a,",", ,e,s,o,p,h,a,g,e,a,l
L,i,c,h,e,n, ,P,l,a,n,u,s
C,u,t,a,n,e,o,u,s, ,L,u,p,u,s, ,E,r,y,t,h,e,m,a,t,o,s,u,s
J,o,h,n,e, ,D,i,s,e,a,s,e
S,m,a,l,l, ,I,n,t,e,s,t,i,n,e, ,C,a,r,c,i,n,o,m,a
d,i,a,b,e,t,e,s, ,m,e,l,l,i,t,u,s,",", ,g,e,s,t,a,t,i,o,n,a,l
E,m,b,r,y,o,n,a,l, ,T,e,s,t,i,s, ,C,a,r,c,i,n,o,m,a
N,o,n,-,T,r,a,u,m,a,t,i,c, ,O,s,t,e,o,n,e,c,r,o,s,i,s
U,t,e,r,i,n,e, ,C,o,r,p,u,s, ,E,n,d,o,m,e,t,r,i,a,l, ,C,a,r,c,i,n,o,m,a
o,r,a,l, ,n,e,o,p,l,a,s,m,s
L,e,i,o,m,y,o,m,a
a,d,e,n,o,c,a,r,c,i,n,o,m,a,",", ,c,o,l,o,n
P,a,t,a,u, ,S,y,n,d,r,o,m,e
u,r,i,n,a,r,y, ,b,l,a,d,d,e,r, ,c,a,n,c,e,r
F,i,b,r,o,s,a,r,c,o,m,a
l,e,u,k,e,m,i,a,-,l,y,m,p,h,o,m,a,",", ,a,d,u,l,t, ,t,-,c,e,l,l
H,e,m,a,n,g,i,o,s,a,r,c,o,m,a
M,y,o,s,i,t,i,s, ,O,s,s,i,f,i,c,a,n,s
D,e,m,y,e,l,i,n,a,t,i,n,g, ,D,i,s,e,a,s,e,s
C,r,y,p,t,o,s,p,o,r,i,d,i,u,m, ,i,n,f,e,c,t,i,o,n
O,d,o,n,t,o,g,e,n,i,c, ,T,u,m,o,r,s
O,l,i,g,o,d,e,n,d,r,o,g,l,i,o,m,a
h,e,a,d, ,a,n,d, ,n,e,c,k, ,n,e,o,p,l,a,s,m,s
P,a,n,c,r,e,a,t,i,c, ,D,i,s,e,a,s,e,s
L,y,m,p,h,o,m,a,",", ,E,x,t,r,a,n,o,d,a,l, ,N,K,-,T,-,C,e,l,l
c,a,r,c,i,n,o,m,a,",", ,l,u,n,g,",", ,s,m,a,l,l,-,c,e,l,l
O,s,t,e,o,p,e,t,r,o,s,i,s
M,a,l,i,g,n,a,n,t, ,P,e,r,i,p,h,e,r,a,l, ,N,e,r,v,e, ,S,h,e,a,t,h, ,T,u,m,o,r
R,h,a,b,d,o,i,d, ,C,a,n,c,e,r
s,q,u,a,m,o,u,s, ,c,e,l,l, ,c,a,r,c,i,n,o,m,a,",", ,l,a,r,y,n,g,e,a,l, ,o,r, ,h,y,p,o,p,h,a,r,y,n,g,e,a,l
E,p,i,t,h,e,l,i,o,i,d, ,S,a,r,c,o,m,a
M,e,l,a,s,m,a
G,l,i,o,b,l,a,s,t,o,m,a, ,M,e,s,e,n,c,h,y,m,a,l, ,S,u,b,t,y,p,e
F,u,n,g,a,l, ,K,e,r,a,t,i,t,i,s
I,n,n,e,r, ,E,a,r, ,I,n,f,l,a,m,m,a,t,i,o,n
V,a,r,i,c,o,c,e,l,e
A,n,x,i,e,t,y
c,a,r,d,i,o,m,y,o,p,a,t,h,y,",", ,h,y,p,e,r,t,r,o,p,h,i,c
H,e,p,a,t,i,c, ,I,s,c,h,e,m,i,a,-,R,e,p,e,r,f,u,s,i,o,n, ,I,n,j,u,r,y
C,h,o,r,o,i,d,a,l, ,N,e,o,v,a,s,c,u,l,a,r,i,z,a,t,i,o,n
F,e,v,e,r
o,s,t,e,o,s,a,r,c,o,m,a
A,d,e,n,o,c,a,r,c,i,n,o,m,a,",", ,G,a,s,t,r,i,c,-,E,s,o,p,h,a,g,e,a,l, ,J,u,n,c,t,i,o,n
N,e,p,h,r,o,l,i,t,h,i,a,s,i,s
T,h,r,o,m,b,o,c,y,t,o,p,e,n,i,a
A,s,t,h,e,n,o,z,o,o,s,p,e,r,m,i,a
C,h,r,o,m,o,s,o,m,e, ,2,2,Q,1,1,.,2, ,D,e,l,e,t,i,o,n, ,S,y,n,d,r,o,m,e,",", ,D,i,s,t,a,l
B,o,r,j,e,s,o,n,-,F,o,r,s,s,m,a,n,-,L,e,h,m,a,n,n, ,S,y,n,d,r,o,m,e
S,o,m,a,t,o,t,r,o,p,i,n,o,m,a
L,y,n,c,h, ,S,y,n,d,r,o,m,e
C,o,n,g,e,n,i,t,a,l, ,M,y,a,s,t,h,e,n,i,c, ,S,y,n,d,r,o,m,e
C,a,r,d,i,a,c, ,M,y,x,o,m,a
F,o,l,l,i,c,u,l,a,r, ,A,t,r,e,s,i,a
O,r,a,l, ,S,u,b,m,u,c,o,u,s, ,F,i,b,r,o,s,i,s
O,s,t,e,o,m,y,e,l,i,t,i,s
i,s,c,h,e,m,i,c, ,h,e,a,r,t, ,d,i,s,e,a,s,e
C,o,n,g,e,n,i,t,a,l, ,M,i,c,r,o,t,i,a
R,o,b,e,r,t,s, ,S,y,n,d,r,o,m,e
c,a,r,c,i,n,o,m,a,",", ,c,e,r,v,i,c,a,l
P,o,s,t,-,T,r,a,u,m,a,t,i,c, ,S,t,r,e,s,s, ,D,i,s,o,r,d,e,r
I,r,o,n, ,M,e,t,a,b,o,l,i,s,m, ,D,i,s,e,a,s,e
L,i,v,e,r, ,T,r,a,n,s,p,l,a,n,t, ,R,e,j,e,c,t,i,o,n
C,a,r,c,i,n,o,m,a,",", ,G,a,s,t,r,i,c,",", ,S,i,g,n,e,t, ,R,i,n,g, ,C,e,l,l
C,o,m,p,l,e,x, ,R,e,g,i,o,n,a,l, ,P,a,i,n, ,S,y,n,d,r,o,m,e
S,i,c,k,l,e, ,C,e,l,l, ,A,n,e,m,i,a
E,s,s,e,n,t,i,a,l, ,T,h,r,o,m,b,o,c,y,t,h,e,m,i,a
M,y,x,o,i,d, ,L,i,p,o,s,a,r,c,o,m,a
A,n,a,p,l,a,s,t,i,c, ,A,s,t,r,o,c,y,t,o,m,a
K,n,e,e, ,O,s,t,e,o,a,r,t,h,r,i,t,i,s
l,i,v,e,r, ,c,i,r,r,h,o,s,i,s
c,a,r,c,i,n,o,m,a,",", ,g,a,s,t,r,i,c
c,a,r,c,i,n,o,m,a,",", ,p,r,o,s,t,a,t,e
D,i,a,b,e,t,i,c, ,C,a,t,a,r,a,c,t
O,b,s,t,r,u,c,t,i,v,e, ,S,l,e,e,p, ,A,p,n,e,a
T,h,y,r,o,i,d,-,A,s,s,o,c,i,a,t,e,d, ,O,p,h,t,h,a,l,m,o,p,a,t,h,y
I,l,e,u,s
C,a,r,d,i,o,-,R,e,n,a,l, ,S,y,n,d,r,o,m,e
B,o,n,e, ,C,a,n,c,e,r
h,e,p,a,t,o,c,e,l,l,u,l,a,r, ,c,a,r,c,i,n,o,m,a
S,p,i,n,a,l, ,C,h,o,r,d,o,m,a
C,a,r,t,i,l,a,g,e, ,D,i,s,e,a,s,e, ,[,u,n,s,p,e,c,i,f,i,c,]
K,i,d,n,e,y, ,O,s,t,e,o,g,e,n,i,c, ,S,a,r,c,o,m,a
C,l,e,i,d,o,c,r,a,n,i,a,l, ,D,y,s,p,l,a,s,i,a
A,u,t,o,s,o,m,a,l, ,D,o,m,i,n,a,n,t, ,P,o,l,y,c,y,s,t,i,c, ,K,i,d,n,e,y, ,D,i,s,e,a,s,e
P,i,n,e,a,l, ,G,l,a,n,d, ,C,a,n,c,e,r
L,e,g,g,-,C,a,l,v,e,-,P,e,r,t,h,e,s, ,D,i,s,e,a,s,e
E,v,a,n,s, ,S,y,n,d,r,o,m,e
C,e,r,e,b,r,o,v,a,s,c,u,l,a,r, ,D,i,s,e,a,s,e
A,n,g,i,o,m,y,o,l,i,p,o,m,a
S,i,c,k,l,e, ,C,e,l,l, ,D,i,s,e,a,s,e
M,e,n,i,n,g,i,t,i,s,",", ,P,n,e,u,m,o,c,o,c,c,a,l
C,o,r, ,P,u,l,m,o,n,a,l,e
C,o,r,o,n,a,v,i,r,u,s, ,I,n,f,e,c,t,i,o,n,s
L,y,m,p,h,o,c,y,t,i,c, ,C,h,o,r,i,o,m,e,n,i,n,g,i,t,i,s
D,e,n,g,u,e, ,S,h,o,c,k, ,S,y,n,d,r,o,m,e
M,A,L,T, ,L,y,m,p,h,o,m,a
C,o,n,g,e,n,i,t,a,l, ,H,y,p,o,t,h,y,r,o,i,d,i,s,m
A,r,t,e,r,i,a,l, ,C,a,l,c,i,f,i,c,a,t,i,o,n, ,o,f, ,I,n,f,a,n,c,y
O,c,u,l,a,r, ,M,o,t,i,l,i,t,y, ,D,i,s,e,a,s,e
I,d,i,o,p,a,t,h,i,c, ,S,c,o,l,i,o,s,i,s
C,a,r,c,i,n,o,m,a,",", ,H,e,a,d, ,A,n,d, ,N,e,c,k
h,e,m,o,p,h,i,l,u,s, ,i,n,f,l,u,e,n,z,a,e, ,i,n,f,e,c,t,i,o,n
H,i,d,r,a,d,e,n,i,t,i,s, ,S,u,p,p,u,r,a,t,i,v,a
V,i,s,c,e,r,a,l, ,L,e,i,s,h,m,a,n,i,a,s,i,s
C,h,r,o,n,i,c, ,C,e,r,e,b,r,a,l, ,H,y,p,o,p,e,r,f,u,s,i,o,n
P,e,r,i,-,I,m,p,l,a,n,t,i,t,i,s
A,n,i,r,i,d,i,a
V,e,n,o,u,s, ,T,h,r,o,m,b,o,e,m,b,o,l,i,s,m
D,i,a,r,r,h,e,a
o,s,t,e,o,p,o,r,o,s,i,s
G,l,o,m,e,r,u,l,o,s,c,l,e,r,o,s,i,s
R,a,p,i,d,l,y, ,P,r,o,g,r,e,s,s,i,v,e, ,G,l,o,m,e,r,u,l,o,n,e,p,h,r,i,t,i,s
A,r,t,e,r,i,o,v,e,n,o,u,s, ,M,a,l,f,o,r,m,a,t,i,o,n
E,n,t,e,r,o,p,a,t,h,y
M,a,s,t, ,C,e,l,l, ,N,e,o,p,l,a,s,m
B,l,a,d,d,e,r, ,F,i,b,r,o,s,i,s
M,u,c,o,s,u,l,f,a,t,i,d,o,s,i,s
T,a,u,o,p,a,t,h,y
l,a,r,y,n,g,e,a,l, ,n,e,o,p,l,a,s,m,s
P,e,l,v,i,c, ,O,r,g,a,n, ,P,r,o,l,a,p,s,e
P,r,i,m,a,r,y, ,A,l,d,o,s,t,e,r,o,n,i,s,m
L,i,g,h,t,-,I,n,d,u,c,e,d, ,R,e,t,i,n,a,l, ,I,n,j,u,r,y
H,e,m,o,g,l,o,b,i,n,o,p,a,t,h,y
B,u,r,n,s
H,e,m,o,p,h,a,g,o,c,y,t,i,c, ,L,y,m,p,h,o,h,i,s,t,i,o,c,y,t,o,s,i,s
U,r,e,m,i,c, ,N,e,u,r,o,p,a,t,h,y
C,a,r,c,i,n,o,m,a,",", ,V,u,l,v,a,r
H,y,p,e,r,u,r,i,c,e,m,i,a
S,k,i,n, ,I,n,j,u,r,y
M,i,t,o,c,h,o,n,d,r,i,a,l, ,E,n,c,e,p,h,a,l,o,m,y,o,p,a,t,h,y
P,e,r,i,t,o,n,e,a,l, ,F,i,b,r,o,s,i,s
U,t,e,r,i,n,e, ,L,e,i,o,m,y,o,s,a,r,c,o,m,a
u,t,e,r,i,n,e, ,l,e,i,o,m,y,o,s,a,r,c,o,m,a
C,o,r,n,e,a,l, ,N,e,o,v,a,s,c,u,l,a,r,i,z,a,t,i,o,n
U,t,e,r,i,n,e, ,C,a,r,c,i,n,o,s,a,r,c,o,m,a
I,n,t,r,a,d,u,c,t,a,l, ,P,a,p,i,l,l,a,r,y, ,M,u,c,i,n,o,u,s, ,N,e,o,p,l,a,s,m,s
S,h,o,r,t, ,B,o,w,e,l, ,S,y,n,d,r,o,m,e
P,r,o,s,t,a,t,e, ,D,i,s,e,a,s,e
I,n,t,e,s,t,i,n,a,l, ,B,a,r,r,i,e,r, ,D,y,s,f,u,n,c,t,i,o,n
S,e,i,z,u,r,e,s
l,e,u,k,e,m,i,a,",", ,t,-,c,e,l,l
G,l,i,o,s,i,s
P,T,E,N, ,H,a,m,a,r,t,o,m,a, ,T,u,m,o,r, ,T,y,n,d,r,o,m,e
M,E,L,A,S, ,S,y,n,d,r,o,m,e
R,e,t,i,n,i,t,i,s, ,P,i,g,m,e,n,t,o,s,a
L,y,m,p,h,o,m,a,",", ,P,r,i,m,a,r,y, ,E,f,f,u,s,i,o,n
l,y,m,p,h,o,m,a,",", ,p,r,i,m,a,r,y, ,e,f,f,u,s,i,o,n
E,n,d,o,t,o,x,e,m,i,a
s,q,u,a,m,o,u,s, ,c,e,l,l, ,c,a,r,c,i,n,o,m,a,",", ,l,u,n,g
N,e,u,r,o,m,a
L,e,a,r,n,e,d, ,H,e,l,p,l,e,s,s,n,e,s,s
b,a,r,r,e,t,t, ,e,s,o,p,h,a,g,u,s
M,y,c,o,s,i,s, ,F,u,n,g,o,i,d,e,s
A,o,r,t,i,c, ,A,n,e,u,r,y,s,m,",", ,T,h,o,r,a,c,i,c
g,l,i,o,b,l,a,s,t,o,m,a
A,l,l,e,r,g,i,c, ,R,h,i,n,i,t,i,s,",",P,e,r,e,n,n,i,a,l
P,r,o,l,a,c,t,i,n,o,m,a
S,q,u,a,m,o,u,s, ,C,e,l,l, ,C,a,r,c,i,n,o,m,a,",", ,S,i,n,o,n,a,s,a,l
m,y,o,t,o,n,i,c, ,m,u,s,c,u,l,a,r, ,d,y,s,t,r,o,p,h,y
H,e,r,e,d,i,t,a,r,y, ,H,e,m,o,r,r,h,a,g,i,c, ,T,e,l,a,n,g,i,e,c,t,a,s,i,a
C,y,t,o,m,e,g,a,l,o,v,i,r,u,s, ,R,e,t,i,n,i,t,i,s
M,y,o,s,i,t,i,s
e,c,t,o,p,i,c, ,p,r,e,g,n,a,n,c,y
F,i,b,r,o,m,y,a,l,g,i,a
C,o,n,s,t,r,i,c,t,i,o,n,",", ,P,a,t,h,o,l,o,g,i,c
C,a,r,d,i,o,t,o,x,i,c,i,t,y
C,e,r,e,b,r,a,l, ,C,a,v,e,r,n,o,u,s, ,M,a,l,f,o,r,m,a,t,i,o,n,s
C,a,r,c,i,n,o,m,a,",", ,A,d,e,n,o,i,d, ,C,y,s,t,i,c
E,n,d,o,c,r,i,n,e, ,G,l,a,n,d, ,N,e,o,p,l,a,s,m,s
F,i,b,r,o,m,a,t,o,s,i,s,",", ,A,g,g,r,e,s,s,i,v,e
V,a,s,o,m,o,t,o,r, ,R,h,i,n,i,t,i,s
A,l,c,o,h,o,l,i,c, ,C,a,r,d,i,o,m,y,o,p,a,t,h,y
O,v,a,r,i,a,n, ,G,e,r,m, ,C,e,l,l, ,C,a,n,c,e,r
N,U,T, ,M,i,d,l,i,n,e, ,C,a,r,c,i,n,o,m,a
U,r,i,n,a,r,y, ,S,y,s,t,e,m, ,C,a,n,c,e,r
C,a,r,c,i,n,o,s,a,r,c,o,m,a
a,z,o,o,s,p,e,r,m,i,a
N,e,v,u,s
F,r,o,n,t,o,t,e,m,p,o,r,a,l, ,L,o,b,a,r, ,D,e,g,e,n,e,r,a,t,i,o,n
S,h,o,c,k,",", ,S,e,p,t,i,c
g,a,s,t,r,o,i,n,t,e,s,t,i,n,a,l, ,n,e,o,p,l,a,s,m,s
t,h,y,r,o,i,d, ,l,y,m,p,h,o,m,a
T,h,y,r,o,i,d, ,L,y,m,p,h,o,m,a
M,y,c,o,b,a,c,t,e,r,i,u,m, ,A,v,i,u,m, ,C,o,m,p,l,e,x, ,D,i,s,e,a,s,e
S,t,r,o,k,e,",", ,H,e,m,o,r,r,h,a,g,i,c
C,a,r,c,i,n,o,m,a,",", ,S,u,p,r,a,g,l,o,t,t,i,c
U,t,e,r,i,n,e, ,C,o,r,p,u,s, ,S,e,r,o,u,s, ,A,d,e,n,o,c,a,r,c,i,n,o,m,a
V,a,r,i,c,e,l,l,a
A,c,u,t,e, ,L,i,v,e,r, ,F,a,i,l,u,r,e
P,a,l,l,i,s,t,e,r,-,K,i,l,l,i,a,n, ,S,y,n,d,r,o,m,e
M,u,l,t,i,p,l,e, ,S,y,s,t,e,m, ,A,t,r,o,p,h,y
L,y,m,p,h,o,p,r,o,l,i,f,e,r,a,t,i,v,e, ,D,i,s,o,r,d,e,r,s
S,m,a,l,l, ,C,e,l,l, ,C,a,r,c,i,n,o,m,a,",", ,E,s,o,p,h,a,g,e,a,l
H,e,a,d, ,A,n,d, ,N,e,c,k, ,A,d,e,n,o,i,d, ,C,y,s,t,i,c, ,C,a,r,c,i,n,o,m,a
M,e,d,u,l,l,o,e,p,i,t,h,e,l,i,o,m,a
n,o,n,-,t,r,a,u,m,a,t,i,c, ,o,s,t,e,o,n,e,c,r,o,s,i,s
C,h,r,o,n,i,c, ,P,a,n,c,r,e,a,t,i,t,i,s
C,a,r,c,i,n,o,m,a,",", ,R,e,n,a,l, ,C,e,l,l,",", ,C,h,r,o,m,o,p,h,o,b,e
N,e,c,r,o,t,i,z,i,n,g, ,E,n,t,e,r,o,c,o,l,i,t,i,s
U,t,e,r,i,n,e, ,C,o,r,p,u,s, ,M,y,x,o,i,d, ,L,e,i,o,m,y,o,s,a,r,c,o,m,a
N,e,u,r,o,e,p,i,t,h,e,l,i,a,l, ,T,u,m,o,r,s
p,u,l,m,o,n,a,r,y, ,s,a,r,c,o,i,d,o,s,i,s
V,o,g,t,-,K,o,y,a,n,a,g,i,-,H,a,r,a,d,a, ,D,i,s,e,a,s,e
S,i,l,i,c,o,s,i,s
B,a,l,k,a,n, ,N,e,p,h,r,o,p,a,t,h,y
B,o,r,n,a, ,D,i,s,e,a,s,e
b,o,r,n,a, ,d,i,s,e,a,s,e
P,o,l,y,a,n,g,i,i,t,i,s
R,e,p,r,o,d,u,c,t,i,v,e, ,S,y,s,t,e,m, ,D,i,s,e,a,s,e
G,u,i,l,l,a,i,n,-,B,a,r,r,e, ,S,y,n,d,r,o,m,e
P,o,r,p,h,y,r,o,m,o,n,a,s, ,G,i,n,g,i,v,a,l,i,s
L,y,m,e, ,D,i,s,e,a,s,e
A,d,e,n,o,c,a,r,c,i,n,o,m,a,",", ,S,e,b,a,c,e,o,u,s
P,e,n,i,s, ,C,a,r,c,i,n,o,m,a
G,e,s,t,a,t,i,o,n,a,l, ,T,r,o,p,h,o,b,l,a,s,t,i,c, ,D,i,s,e,a,s,e
T,h,y,m,o,m,a
S,e,r,t,o,l,i, ,C,e,l,l,-,O,n,l,y, ,S,y,n,d,r,o,m,e
M,a,s,t,i,t,i,s
S,k,i,n, ,H,e,m,a,n,g,i,o,m,a
A,f,r,i,c,a,n, ,S,w,i,n,e, ,F,e,v,e,r
C,a,r,c,i,n,o,m,a,",", ,M,u,c,o,e,p,i,d,e,r,m,o,i,d
V,u,l,v,a,r, ,S,q,u,a,m,o,u,s, ,T,u,m,o,r
M,i,t,r,a,l, ,V,a,l,v,e, ,D,i,s,e,a,s,e
A,c,u,t,e, ,P,e,r,i,t,o,n,i,t,i,s
P,e,r,i,t,o,n,e,a,l, ,N,e,o,p,l,a,s,m,s
p,i,t,u,i,t,a,r,y, ,a,d,e,n,o,m,a
P,a,r,a,t,h,y,r,o,i,d, ,C,a,r,c,i,n,o,m,a
H,e,a,r,i,n,g, ,D,i,s,o,r,d,e,r,s
G,a,n,g,l,i,o,g,l,i,o,m,a
R,e,n,a,l, ,O,n,c,o,c,y,t,o,m,a
S,m,o,k,e, ,I,n,h,a,l,a,t,i,o,n, ,I,n,j,u,r,y
P,r,a,d,e,r,-,W,i,l,l,i, ,S,y,n,d,r,o,m,e
X,-,l,i,n,k,e,d, ,A,l,p,o,r,t, ,S,y,n,d,r,o,m,e
a,d,e,n,o,c,a,r,c,i,n,o,m,a,",", ,e,n,d,o,m,e,t,r,i,a,l
E,c,l,a,m,p,s,i,a
N,e,p,h,r,o,s,c,l,e,r,o,s,i,s
N,i,e,m,a,n,n,-,P,i,c,k, ,D,i,s,e,a,s,e,",", ,T,y,p,e, ,C
m,e,s,o,t,h,e,l,i,o,m,a
C,a,r,c,i,n,o,m,a,",", ,E,h,r,l,i,c,h, ,T,u,m,o,r
a,l,o,p,e,c,i,a
G,e,r,s,t,m,a,n,n,-,S,t,r,a,u,s,s,l,e,r,-,S,c,h,e,i,n,k,e,r, ,S,y,n,d,r,o,m,e
M,u,l,t,i,p,l,e, ,E,n,d,o,c,r,i,n,e, ,N,e,o,p,l,a,s,i,a, ,T,y,p,e, ,1
L,i,v,e,r, ,D,i,s,e,a,s,e,s,",", ,A,l,c,o,h,o,l,i,c
S,e,m,i,n,o,m,a
E,s,o,p,h,a,g,i,t,i,s
e,s,o,p,h,a,g,e,a,l, ,n,e,o,p,l,a,s,m,s
P,a,n,c,r,e,a,t,i,c, ,I,n,t,r,a,d,u,c,t,a,l, ,P,a,p,i,l,l,a,r,y, ,M,u,c,i,n,o,u,s, ,N,e,o,p,l,a,s,m,s
H,I,V,-,A,s,s,o,c,i,a,t,e,d, ,L,i,p,o,d,y,s,t,r,o,p,h,y
O,s,t,e,o,n,e,c,r,o,s,i,s
G,a,s,t,r,o,d,u,o,d,e,n,a,l, ,U,l,c,e,r
S,e,b,a,c,e,o,u,s, ,C,a,r,c,i,n,o,m,a
G,a,u,c,h,e,r, ,D,i,s,e,a,s,e
C,h,r,o,n,i,c, ,A,l,c,o,h,o,l,-,I,n,d,u,c,e,d, ,A,l,v,e,o,l,a,r, ,M,a,c,r,o,p,h,a,g,e, ,D,y,s,f,u,n,c,t,i,o,n
l,y,m,p,h,o,m,a,",", ,l,a,r,g,e, ,b,-,c,e,l,l,",", ,d,i,f,f,u,s,e
S,h,o,c,k,",", ,H,e,m,o,r,r,h,a,g,i,c
P,r,o,l,i,f,e,r,a,t,i,v,e, ,V,i,t,r,e,o,r,e,t,i,n,a,l, ,D,i,s,e,a,s,e
O,t,i,t,i,s, ,M,e,d,i,a
C,h,o,r,i,o,a,m,n,i,o,n,i,t,i,s
A,d,e,n,o,s,q,u,a,m,o,u,s, ,P,a,n,c,r,e,a,s, ,C,a,r,c,i,n,o,m,a
p,l,e,u,r,a,l, ,m,e,s,o,t,h,e,l,i,o,m,a
N,o,n, ,S,p,e,c,i,f,i,c, ,C,h,r,o,n,i,c, ,E,n,d,o,m,e,t,r,i,t,i,s
A,d,e,n,o,c,a,r,c,i,n,o,m,a,",", ,A,m,p,u,l,l,a,r,y
P,l,a,c,e,n,t,a, ,C,a,n,c,e,r
