"['disease', ['c23.550.288'], 0]","['pathologic processes', ['c23.550'], 1]","['pathological conditions, signs and symptoms', ['c23'], 2]"
"['Leukemia, Lymphocytic, Chronic, B-Cell', 0, 0]"
"['Colon Neoplasms', 0, 0]"
"['Breast Neoplasms', 0, 0]"
"['Leukemia', 0, 0]"
"['Lung Neoplasms', 0, 0]"
"['Colorectal Carcinoma', 0, 0]"
"['Leukemia, Promyelocytic, Acute', 0, 0]"
"['Neoplasms [unspecific]', 0, 0]"
"['Pituitary Neoplasms', 0, 0]"
"['Carcinoma, Hepatocellular', 0, 0]"
"['Cardiomyopathy, Hypertrophic', 0, 0]"
"['Thyroid Neoplasms', 0, 0]"
"['Asthma', 0, 0]"
"['Lymphoma, B-Cell', 0, 0]"
"['Ovarian Neoplasms', 0, 0]"
"['Polycythemia Vera', 0, 0]"
"['Leukemia, Myeloid, Acute', 0, 0]"
"['Leukemia, Lymphoblastic', 0, 0]"
"['Lymphoma, Hodgkin', 0, 0]"
"['Nasopharyngeal Neoplasms', 0, 0]"
"['Retinal Degeneration', 0, 0]"
"['Carcinoma, Renal Cell', 0, 0]"
"['Myelodysplastic Syndromes', 0, 0]"
"['Neurodegenerative Diseases [unspecific]', 0, 0]"
"['Lupus Vulgaris', 0, 0]"
"['Leukemia, Myeloid, Chronic-Phase', 0, 0]"
"['Leukemia-Lymphoma, Precursor B-Cell Lymphoblastic', 0, 0]"
"['Schizophrenia', 0, 0]"
"['Marek Disease', 0, 0]"
"['Autistic Disorder', 0, 0]"
"['Atherosclerosis', 0, 0]"
"['Sepsis', 0, 0]"
"['Choriocarcinoma', 0, 0]"
"['Glomerulonephritis', 0, 0]"
"['glomerulonephritis', ['c12.777.419.570.363', 'c13.351.968.419.570.363'], 0]","['nephritis', ['c12.777.419.570', 'c13.351.968.419.570'], 1]","['kidney diseases', ['c12.777.419', 'c13.351.968.419'], 2]","['urologic diseases', ['c12.777', 'c13.351.968'], 3]","['male urogenital diseases', ['c12'], 4]","['female urogenital diseases', ['c13.351'], 4]","['female urogenital diseases and pregnancy complications', ['c13'], 5]"
"['Child Development Disorders, Pervasive', 0, 0]"
"['Melanoma', 0, 0]"
"['Diabetes Mellitus, Type 2', 0, 0]"
"['Lymphoma, Large-Cell, Anaplastic', 0, 0]"
"['Pancreatic Neoplasms', 0, 0]"
"['Heart Failure', 0, 0]"
"['Hemangioma', 0, 0]"
"['Diabetes Mellitus', 0, 0]"
"['Human Immunodeficiency Virus Infection', 0, 0]"
"['Leukemia-Lymphoma, Precursor T-Cell Lymphoblastic', 0, 0]"
"['Hypertrophy', 0, 0]"
"['Glioblastoma', 0, 0]"
"['Systemic Lupus Erythematosus', 0, 0]"
"['Lymphoma', 0, 0]"
"['Leukemia-Lymphoma, Adult T-Cell', 0, 0]"
"['Carcinoma, Adrenocortical', 0, 0]"
"['Mesothelioma', 0, 0]"
"['Leukemia, Myeloid, Chronic', 0, 0]"
"['Carcinoma, Lung, Non-Small-Cell', 0, 0]"
"['Alzheimer Disease', 0, 0]"
"['Squamous Cell Carcinoma, Esophageal', 0, 0]"
"['Hypertension', 0, 0]"
"['Preeclampsia', 0, 0]"
"['Urinary Bladder Cancer', 0, 0]"
"['carcinoma, renal cell', ['c04.557.470.200.025.390', 'c04.588.945.947.535.160', 'c12.758.820.750.160', 'c12.777.419.473.160', 'c13.351.937.820.535.160', 'c13.351.968.419.473.160'], 0]","['adenocarcinoma', ['c04.557.470.200.025'], 1]","['kidney neoplasms', ['c04.588.945.947.535', 'c12.758.820.750', 'c12.777.419.473', 'c13.351.937.820.535', 'c13.351.968.419.473'], 1]","['carcinoma', ['c04.557.470.200'], 2]","['urologic neoplasms', ['c04.588.945.947', 'c12.758.820', 'c13.351.937.820'], 2]","['kidney diseases', ['c12.777.419', 'c13.351.968.419'], 2]","['neoplasms, glandular and epithelial', ['c04.557.470'], 3]","['urogenital neoplasms', ['c04.588.945', 'c12.758', 'c13.351.937'], 3]","['urologic diseases', ['c12.777', 'c13.351.968'], 3]","['neoplasms by histologic type', ['c04.557'], 4]","['neoplasms by site', ['c04.588'], 4]","['male urogenital diseases', ['c12'], 4]","['female urogenital diseases', ['c13.351'], 4]","['neoplasms', ['c04'], 5]","['female urogenital diseases and pregnancy complications', ['c13'], 5]"
"['Eosinophilic Esophagitis', 0, 0]"
"['Ectopic Pregnancy', 0, 0]"
"['Graves Disease', 0, 0]"
"['Prostate Neoplasms', 0, 0]"
"['Myocardial Infarction', 0, 0]"
"['Multiple Myeloma', 0, 0]"
"['Hepatitis C Virus Infection', 0, 0]"
"['Gastric Neoplasms', 0, 0]"
"['Endometriosis', 0, 0]"
"['Primary Biliary Cirrhosis', 0, 0]"
"['Myasthenia Gravis', 0, 0]"
"['Multiple Sclerosis', 0, 0]"
"['Polycystic Kidney Disease', 0, 0]"
"['Parkinson Disease', 0, 0]"
"['Retinoblastoma', 0, 0]"
"['Diabetes Mellitus, Type 1', 0, 0]"
"['Crohn Disease', 0, 0]"
"['Methylmalonic Acidemia', 0, 0]"
"['Sjogren Syndrome', 0, 0]"
"['Bladder Neoplasms', 0, 0]"
"['Autism Spectrum Disorder', 0, 0]"
"['Rheumatoid Arthritis', 0, 0]"
"['Fatty Liver, Non-Alcoholic', 0, 0]"
"['Stroke', 0, 0]"
"['Acute Cerebral Infarction', 0, 0]"
"['Premature Ovarian Failure', 0, 0]"
"['Arrhythmia', 0, 0]"
"['Carcinoma, Esophageal', 0, 0]"
"['Plasmodium vivax Infection', 0, 0]"
"['Acute Myocardial Infarction', 0, 0]"
"['Coronary Artery Disease', 0, 0]"
"['Spinal Cord Injuries', 0, 0]"
"['Hypoxic-Ischemic Encephalopathy', 0, 0]"
"['Stroke, Ischemic', 0, 0]"
"['Dengue Virus Infection', 0, 0]"
"['Obesity', 0, 0]"
"['Glioma', 0, 0]"
"['Cholangiocarcinoma', 0, 0]"
"['Acute Heart Failure', 0, 0]"
"['Spondylarthritis', 0, 0]"
"['leukemia, myeloid, chronic', 0, 0]"
"['Polycystic Ovarian Syndrome', 0, 0]"
"['Leukemia, Myeloid, Acute, Pediatric', 0, 0]"
"['Chronic Hepatitis B', 0, 0]"
"['Aortic Stenosis', 0, 0]"
"['Carcinoma, Hepatocellular, HBV-Related', 0, 0]"
"['Allergic Rhinitis', 0, 0]"
"['Lung Fibrosis', 0, 0]"
"['Anxiety Disorders', 0, 0]"
"['Carotid Artery Diseases', 0, 0]"
"['Spinal Muscular Atrophy', 0, 0]"
"['Kideny Transplant Rejection', 0, 0]"
"['Acute Ischemic Stroke', 0, 0]"
"['Cardiovascular Diseases [unspecific]', 0, 0]"
"['Aortic Valve Disease', 0, 0]"
"['Vascular Hypertrophy', 0, 0]"
"['Leukemia, Lymphoblastic, Acute, Childhood', 0, 0]"
"['Leukemia, Lymphoblastic, Acute', 0, 0]"
"['Pulmonary Hypertension', 0, 0]"
"['Frontotemporal Dementia', 0, 0]"
"['Diabetes Mellitus, Gestational', 0, 0]"
"['Spinal Stenosis', 0, 0]"
"['Familial Mediterranean Fever', 0, 0]"
"['Traumatic Brain Injury', 0, 0]"
"['Acute Lung Injury', 0, 0]"
"['Lupus Nephritis', 0, 0]"
"['Kidney Neoplasms', 0, 0]"
"['Arthritis', 0, 0]"
"['Diabetic Nephropathy', 0, 0]"
"['Anemia', 0, 0]"
"['Ischemic Diseases [unspecific]', 0, 0]"
"['Hyperactivity Disorder', 0, 0]"
"['Heart Diseases [unspecific]', 0, 0]"
"['Metabolic Syndrome', 0, 0]"
"['Behcet Disease', 0, 0]"
"['rheumatoid arthritis', 0, 0]"
"['Muscle Atrophy', 0, 0]"
"['Myeloproliferative Neoplasms', 0, 0]"
"['Head And Neck Neoplasms', 0, 0]"
"['Pancreatic Adenocarcinoma', 0, 0]"
"['Squamous Cell Carcinoma, Oral', 0, 0]"
"['Myocardial Ischemic-Reperfusion Injury', 0, 0]"
"['Leukemia, Acute', 0, 0]"
"['Adenocarcinoma, Pancreatic Ductal', 0, 0]"
"['Carcinoma, Rectal', 0, 0]"
"['atherosclerosis', ['c14.907.137.126.307'], 0]","['arteriosclerosis', ['c14.907.137.126'], 1]","['arterial occlusive diseases', ['c14.907.137'], 2]","['vascular diseases', ['c14.907'], 3]","['cardiovascular diseases', ['c14'], 4]"
"['Scleroderma, Localized', 0, 0]"
"['Scleroderma, Systemic', 0, 0]"
"['Muscular Dystrophy, Duchenne', 0, 0]"
"['Hepatitis B Virus Infection', 0, 0]"
"['Acute Cerebral Ischemia', 0, 0]"
"['Leukemia, Lymphoblastic, Acute, T-Cell', 0, 0]"
"['Acute Kidney Failure', 0, 0]"
"['Tuberculosis, Pulmonary', 0, 0]"
"['Squamous Cell Carcinoma, Head and Neck', 0, 0]"
"['Gastrointestinal Neoplasms', 0, 0]"
"['Giant Cell Tumor of Bone', 0, 0]"
"['Liver Cirrhosis', 0, 0]"
"['Liver Diseases [unspecific]', 0, 0]"
"['gastric neoplasms', 0, 0]"
"['Osteoporosis', 0, 0]"
"['Interstitial Lung Disease', 0, 0]"
"['Chronic Kidney Disease', 0, 0]"
"['Esophageal Neoplasms', 0, 0]"
"['Carcinoma, Oral', 0, 0]"
"['Endometrial Neoplasms', 0, 0]"
"['Lymphoma, Large B-Cell, Diffuse', 0, 0]"
"['Testicular Neoplasms', 0, 0]"
"['Kidney Diseases [unspecific]', 0, 0]"
"['Lung Disease [unspecific]', 0, 0]"
"['Fragile X Syndrome', 0, 0]"
"['Early-Stage Cervical Squamous Cell Carcinoma', 0, 0]"
"['chronic obstructive pulmonary disease', 0, 0]"
"['Chronic Obstructive Pulmonary Disease', 0, 0]"
"['Machado-Joseph Disease', 0, 0]"
"['Ovary Mixed Epithelial Carcinoma', 0, 0]"
"['Carcinoma, Nasopharyngeal', 0, 0]"
"['Graft-Versus-Host Disease', 0, 0]"
"['Liver Injury', 0, 0]"
"['Biliary Tract Neoplasms', 0, 0]"
"['Peripheral Vascular Disease', 0, 0]"
"['Hereditary Breast Carcinoma', 0, 0]"
"['Squamous Cell Carcinoma, Lung', 0, 0]"
"['Carcinoma, Renal Cell, Clear-Cell', 0, 0]"
"['Adenocarcinoma, Lung', 0, 0]"
"['Carcinoma, Thyroid, Papillary', 0, 0]"
"['HELLP Syndrome', 0, 0]"
"['Adrenal Cortex Neoplasms', 0, 0]"
"['Mild Cognitive Impairment', 0, 0]"
"['Uveal Melanoma', 0, 0]"
"['Immune Thrombocytopenic Purpura', 0, 0]"
"['pancreatic neoplasms', ['c04.588.274.761', 'c04.588.322.421', 'c06.301.761', 'c06.689.667', 'c19.344.421'], 0]","['digestive system neoplasms', ['c04.588.274', 'c06.301'], 1]","['endocrine gland neoplasms', ['c04.588.322', 'c19.344'], 1]","['pancreatic diseases', ['c06.689'], 1]","['neoplasms by site', ['c04.588'], 2]","['digestive system diseases', ['c06'], 2]","['endocrine system diseases', ['c19'], 2]","['neoplasms', ['c04'], 3]"
"['Early-Stage Non-Small-Cell Lung Carcinoma', 0, 0]"
"['Early-Stage Lung Carcinoma', 0, 0]"
"['Amyotrophic Lateral Sclerosis', 0, 0]"
"['Non-Neoplastic Diseases', 0, 0]"
"['Early-Stage Gastric Carcinoma', 0, 0]"
"['Early-Stage Breast Carcinoma', 0, 0]"
"['Chronic Hepatitis C', 0, 0]"
"['Psoriasis', 0, 0]"
"['Lymphoma, Non-Hodgkin', 0, 0]"
"['Influenza', 0, 0]"
"['Irritable Bowel Syndrome', 0, 0]"
"['glioma', ['c04.557.465.625.600.380', 'c04.557.470.670.380', 'c04.557.580.625.600.380'], 0]","['neoplasms, neuroepithelial', ['c04.557.465.625.600', 'c04.557.470.670', 'c04.557.580.625.600'], 1]","['neuroectodermal tumors', ['c04.557.465.625', 'c04.557.580.625'], 2]","['neoplasms, glandular and epithelial', ['c04.557.470'], 2]","['neoplasms, germ cell and embryonal', ['c04.557.465'], 3]","['neoplasms, nerve tissue', ['c04.557.580'], 3]","['neoplasms by histologic type', ['c04.557'], 3]","['neoplasms', ['c04'], 4]"
"['Carcinoma, Lung', 0, 0]"
"['Squamous Cell Carcinoma, Laryngeal or Hypopharyngeal', 0, 0]"
"['Colorectal Adenocarcinoma', 0, 0]"
"['Muscle Diseases [unspecific]', 0, 0]"
"['Osteosarcoma', 0, 0]"
"['Germ Cell Tumor', 0, 0]"
"['Myeloma', 0, 0]"
"['Focal Segmental Glomerulosclerosis', 0, 0]"
"['Proliferative Diabetic Retinopathy', 0, 0]"
"['Macroglobulinemia', 0, 0]"
"['Carcinoma, Breast', 0, 0]"
"['Endomyocardial Fibrosis', 0, 0]"
"['Intrahepatic Cholangiocarcinoma', 0, 0]"
"['Oral Neoplasms', 0, 0]"
"['Lymphoma, T-Cell', 0, 0]"
"['Prediabetes', 0, 0]"
"['Carcinoma, Urothelial, Upper Tract', 0, 0]"
"['carcinoma, urothelial, upper tract', 0, 0]"
"['Carcinoma, Cervical', 0, 0]"
"['Unstable Angina', 0, 0]"
"['Carcinoma, Biliary Tract', 0, 0]"
"['Allergic Asthma', 0, 0]"
"['Male Infertility', 0, 0]"
"['Acute Coronary Syndrome', 0, 0]"
"['Tuberculosis', 0, 0]"
"['Epilepsy', 0, 0]"
"['Cardiomyopathy, Dilated', 0, 0]"
"['Carcinoma, Gallbladder', 0, 0]"
"['Huntington Disease', 0, 0]"
"['Carcinoma, Colon', 0, 0]"
"['Brain Disease [unspecific]', 0, 0]"
"['hepatitis b virus infection', 0, 0]"
"['Rectal Neoplasms', 0, 0]"
"['Vasculitis', 0, 0]"
"['Mycobacterium tuberculosis Infection', 0, 0]"
"['Liver Neoplasms', 0, 0]"
"['Acute Pancreatitis', 0, 0]"
"['Coronary Atherosclerosis', 0, 0]"
"['Intestinal Schistosomiasis', 0, 0]"
"['Synovial Sarcoma', 0, 0]"
"['synovial sarcoma', 0, 0]"
"['Nephrotic Syndrome', 0, 0]"
"['Carcinoma, Hepatocellular, HCV-Related', 0, 0]"
"['Bronchopulmonary Dysplasia', 0, 0]"
"['Essential Hypertension', 0, 0]"
"['Angiosarcoma', 0, 0]"
"['Rheumatic Heart Diseases', 0, 0]"
"['diabetes mellitus, type 2', ['c18.452.394.750.149', 'c19.246.300'], 0]","['diabetes mellitus', ['c18.452.394.750', 'c19.246'], 1]","['glucose metabolism disorders', ['c18.452.394'], 2]","['endocrine system diseases', ['c19'], 2]","['metabolic diseases', ['c18.452'], 3]","['nutritional and metabolic diseases', ['c18'], 4]"
"['Colitis, Ulcerative', 0, 0]"
"['Ewing Sarcoma', 0, 0]"
"['Digestive System Neoplasms', 0, 0]"
"['Major Depressive Disorder', 0, 0]"
"['Inherited Hemoglobin Disease', 0, 0]"
"['Myotonic Dystrophy Type 1', 0, 0]"
"['Hirschsprung Disease', 0, 0]"
"['Autoimmune Lymphoproliferative Syndrome', 0, 0]"
"['Carcinoma, Ovarian', 0, 0]"
"['Glaucoma', 0, 0]"
"['Idiopathic Asthenospermia', 0, 0]"
"['Carcinoma, Pancreatic', 0, 0]"
"['Carcinoma, Thyroid, Follicular', 0, 0]"
"['Muscular Dystrophy', 0, 0]"
"['acute myocardial infarction', 0, 0]"
"['Hepatoblastoma', 0, 0]"
"['Carcinoma, Gastric', 0, 0]"
"['Aplastic Anemia', 0, 0]"
"['Age-Related Macular Degeneration', 0, 0]"
"['Ischemia-Reperfusion Injury', 0, 0]"
"['Hematologic Neoplasms', 0, 0]"
"['Mesial Temporal Lobe Epilepsy', 0, 0]"
"['Atrial Fibrillation', 0, 0]"
"['Arteriosclerosis Obliterans', 0, 0]"
"['Cardiomyopathy', 0, 0]"
"['Lymphoma, Burkitt', 0, 0]"
"['Carcinoma, Ovarian, Serous', 0, 0]"
"['Lofgren Syndrome', 0, 0]"
"['Kidney Injury', 0, 0]"
"['Carcinoma, Breast, Triple Negative', 0, 0]"
"['Carcinoma, Prostate', 0, 0]"
"['Carcinoma, Lung, Small-Cell', 0, 0]"
"['colorectal carcinoma', 0, 0]"
"['Neuralgia, Postherpetic', 0, 0]"
"['Carcinoma, Bladder', 0, 0]"
"['Foot-and-Mouth Disease', 0, 0]"
"['Aortic Aneurysm, Abdominal', 0, 0]"
"['Cutaneous Melanoma', 0, 0]"
"['Hyperhomocysteinemia', 0, 0]"
"['Osteoarthritis', 0, 0]"
"['Ischemic Heart Disease', 0, 0]"
"['Hyperlipoproteinemia Type III', 0, 0]"
"['Acute Respiratory Distress Syndrome', 0, 0]"
"['Peripheral Nervous System Diseases', 0, 0]"
"['Celiac Disease', 0, 0]"
"['Cervical Neoplasms', 0, 0]"
"['Diabetic Cardiomyopathies', 0, 0]"
"['Transitional Cell Carcinoma', 0, 0]"
"['Crohn Colitis', 0, 0]"
"['crohn colitis', 0, 0]"
"['Bicuspid Aortic Valve Disease', 0, 0]"
"['Friedreich Ataxia', 0, 0]"
"['Periodontitis', 0, 0]"
"['Dementia', 0, 0]"
"['Chagas Disease', 0, 0]"
"['Azoospermia', 0, 0]"
"['Inflammatory Bowel Diseases', 0, 0]"
"['Liposarcoma', 0, 0]"
"['Respiratory Syncytial Virus Pneumonia', 0, 0]"
"['Cerebral Malaria', 0, 0]"
"['Proliferative Glomerulonephritis', 0, 0]"
"['Diabetic Retinopathy', 0, 0]"
"['Uterine Cancer', 0, 0]"
"['Congenital Heart Diseases', 0, 0]"
"['Primary Sclerosing Cholangitis', 0, 0]"
"['Pulmonary Sarcoidosis', 0, 0]"
"['traumatic brain injury', 0, 0]"
"['Recurrent Spontaneous Abortion', 0, 0]"
"['Cystic Fibrosis', 0, 0]"
"['Hepatic Veno-Occlusive Disease', 0, 0]"
"['Frailty', 0, 0]"
"['Viral Infectious Disease', 0, 0]"
"['Hepatitis [unspecific]', 0, 0]"
"['Kawasaki Syndrome', 0, 0]"
"['adenocarcinoma, esophageal', 0, 0]"
"['Testicular Germ Cell Tumor', 0, 0]"
"['Vascular Myelopathy', 0, 0]"
"['Aneurysmal Subarachnoid Hemorrhage', 0, 0]"
"['Leukemia, B-Cell', 0, 0]"
"['Brain Neoplasms', 0, 0]"
"['Focal Epithelial Hyperplasia', 0, 0]"
"['leukemia, lymphoblastic, acute', 0, 0]"
"['Eczema Herpeticum', 0, 0]"
"['Carcinoma, Embryonal', 0, 0]"
"['Cerebellum Cancer', 0, 0]"
"['Leukemia, Myeloid', 0, 0]"
"['Tongue Neoplasms', 0, 0]"
"['Prion Diseases', 0, 0]"
"['Rhabdomyosarcoma', 0, 0]"
"['Viral Myocarditis', 0, 0]"
"['Medulloblastoma', 0, 0]"
"['Wounds and Injuries [unspecific]', 0, 0]"
"['Fatty Liver, Alcoholic', 0, 0]"
"['Pulmonary Embolism', 0, 0]"
"['osteoarthritis', ['c05.550.114.606', 'c05.799.613'], 0]","['arthritis', ['c05.550.114'], 1]","['rheumatic diseases', ['c05.799', 'c17.300.775'], 1]","['joint diseases', ['c05.550'], 2]","['musculoskeletal diseases', ['c05'], 2]","['connective tissue diseases', ['c17.300'], 2]","['skin and connective tissue diseases', ['c17'], 3]"
"['Cerebral Ischemia', 0, 0]"
"['Hyperlipidemia', 0, 0]"
"['breast neoplasms', ['c04.588.180', 'c17.800.090.500'], 0]","['neoplasms by site', ['c04.588'], 1]","['breast diseases', ['c17.800.090'], 1]","['neoplasms', ['c04'], 2]","['skin diseases', ['c17.800'], 2]","['skin and connective tissue diseases', ['c17'], 3]"
"['Inflammation', 0, 0]"
"['Fatty Liver [unspecific]', 0, 0]"
"['Idiopathic Short Stature', 0, 0]"
"['Ankylosing Spondylitis', 0, 0]"
"['Systemic Lupus Erythematosus, With Pericarditis', 0, 0]"
"['Pancreatic Endocrine Carcinoma', 0, 0]"
"['Moyamoya Disease', 0, 0]"
"['Atopic Dermatitis', 0, 0]"
"['Oral Lichen Planus', 0, 0]"
"['Mountain Sickness', 0, 0]"
"['Cardiac Allograft Vasculopathy', 0, 0]"
"['Hypercholesterolaemia', 0, 0]"
"['Autoimmune Diseases [unspecific]', 0, 0]"
"['Cardiomegaly', 0, 0]"
"['Chronic Fatigue Syndrome', 0, 0]"
"['Depression Disorder', 0, 0]"
"['myocardial infarction', ['c14.280.647.500', 'c14.907.585.500'], 0]","['myocardial ischemia', ['c14.280.647', 'c14.907.585'], 1]","['heart diseases', ['c14.280'], 2]","['vascular diseases', ['c14.907'], 2]","['cardiovascular diseases', ['c14'], 3]"
"['Down Syndrome', 0, 0]"
"['Hearing Loss', 0, 0]"
"['Cholesteatoma', 0, 0]"
"['Neurilemmoma', 0, 0]"
"['Vascular Disease [unspecific]', 0, 0]"
"['Migraine', 0, 0]"
"['Carcinoma, Thyroid', 0, 0]"
"['Chronic Brucellosis', 0, 0]"
"['Peripheral Nerve Injury', 0, 0]"
"['Glycogen Storage Disease II', 0, 0]"
"['metabolic syndrome', 0, 0]"
"['Amyloidosis', 0, 0]"
"['Waldenstrom Macroglobulinemia', 0, 0]"
"['Human Papilloma Virus Infection', 0, 0]"
"['Chronic Hepatitis', 0, 0]"
"['Ischemia', 0, 0]"
"['Idiopathic Pulmonary Fibrosis', 0, 0]"
"['Central Nervous System Embryonal Tumor', 0, 0]"
"['Pelvic Inflammatory Disease', 0, 0]"
"['pelvic inflammatory disease', ['c01.539.635.500', 'c13.351.500.056.750'], 0]","['pelvic infection', ['c01.539.635'], 1]","['adnexal diseases', ['c13.351.500.056'], 1]","['infection', ['c01.539'], 2]","['genital diseases, female', ['c13.351.500'], 2]","['bacterial infections and mycoses', ['c01'], 3]","['female urogenital diseases', ['c13.351'], 3]","['female urogenital diseases and pregnancy complications', ['c13'], 4]"
"['Graves Ophthalmopathy', 0, 0]"
"['Intermittent Claudication', 0, 0]"
"['Pleural Mesothelioma', 0, 0]"
"['Toxic Epidermal Necrolysis', 0, 0]"
"['Malignant Neoplasms [unspecific]', 0, 0]"
"['Autoimmune Hepatitis', 0, 0]"
"['Acquired Immunodeficiency Syndrome', 0, 0]"
"['Ependymoma', 0, 0]"
"['Heart Transplant Rejection', 0, 0]"
"['Carcinoma, Periampullary', 0, 0]"
"['Carcinoma, Urothelial', 0, 0]"
"['Encephalitis', 0, 0]"
"['lung neoplasms', ['c04.588.894.797.520', 'c08.381.540', 'c08.785.520'], 0]","['respiratory tract neoplasms', ['c04.588.894.797', 'c08.785'], 1]","['lung diseases', ['c08.381'], 1]","['thoracic neoplasms', ['c04.588.894'], 2]","['respiratory tract diseases', ['c08'], 2]","['neoplasms by site', ['c04.588'], 3]","['neoplasms', ['c04'], 4]"
"['Myotonic Muscular Dystrophy', 0, 0]"
"['Lymphoma, Large B-Cell', 0, 0]"
"['Rectum Adenocarcinoma', 0, 0]"
"['Diabetic Foot', 0, 0]"
"['B-cell Childhood Acute Lymphoblastic Leukemia', 0, 0]"
"['Stevens-Johnson Syndrome', 0, 0]"
"['Plasmodium Falciparum Malaria', 0, 0]"
"['Sarcoma [unspecific]', 0, 0]"
"['carcinoma, lung, non-small-cell', 0, 0]"
"['Neuroblastoma', 0, 0]"
"['systemic lupus erythematosus', 0, 0]"
"['Early-Stage Lung Adenocarcinoma', 0, 0]"
"['Liver Fibrosis', 0, 0]"
"['Leukemia, T-Cell', 0, 0]"
"['Squamous Cell Carcinoma', 0, 0]"
"['Carcinoma, Endometrial', 0, 0]"
"['Adenocarcinoma, Colon', 0, 0]"
"['Chronic Inflammatory Pain', 0, 0]"
"['Chondrosarcoma', 0, 0]"
"['Helicobacter pylori Infection', 0, 0]"
"['Wilms Tumor', 0, 0]"
"['Soft Tissue Sarcoma', 0, 0]"
"['soft tissue sarcoma', 0, 0]"
"['Colon Adenoma', 0, 0]"
"['Skin Neoplasms', 0, 0]"
"['Sarcomatoid Mesothelioma', 0, 0]"
"['Adenocarcinoma, Esophageal', 0, 0]"
"['Ovarian Serous Cystadenocarcinoma', 0, 0]"
"['Carcinoma, Endometrioid Endometrial', 0, 0]"
"['Nervous System Diseases [unspecific]', 0, 0]"
"['Tourette Syndrome', 0, 0]"
"['ovarian neoplasms', ['c04.588.322.455', 'c13.351.500.056.630.705', 'c13.351.937.418.685', 'c19.344.410', 'c19.391.630.705'], 0]","['endocrine gland neoplasms', ['c04.588.322', 'c19.344'], 1]","['ovarian diseases', ['c13.351.500.056.630', 'c19.391.630'], 1]","['genital neoplasms, female', ['c04.588.945.418', 'c13.351.937.418'], 1]","['neoplasms by site', ['c04.588'], 2]","['endocrine system diseases', ['c19'], 2]","['adnexal diseases', ['c13.351.500.056'], 2]","['gonadal disorders', ['c19.391'], 2]","['urogenital neoplasms', ['c04.588.945', 'c12.758', 'c13.351.937'], 2]","['neoplasms', ['c04'], 3]","['genital diseases, female', ['c13.351.500'], 3]","['male urogenital diseases', ['c12'], 3]","['female urogenital diseases', ['c13.351'], 3]","['female urogenital diseases and pregnancy complications', ['c13'], 4]"
"['Sensorineural Hearing Loss', 0, 0]"
"['Leukemia, Biphenotypic, Acute', 0, 0]"
"['Squamous Cell Carcinoma, Cerevial', 0, 0]"
"['Myopia', 0, 0]"
"['Gout', 0, 0]"
"['gout', ['c05.550.114.423', 'c05.799.414', 'c16.320.565.798.368', 'c18.452.648.798.368'], 0]","['arthritis', ['c05.550.114'], 1]","['rheumatic diseases', ['c05.799', 'c17.300.775'], 1]","['purine-pyrimidine metabolism, inborn errors', ['c16.320.565.798', 'c18.452.648.798'], 1]","['joint diseases', ['c05.550'], 2]","['musculoskeletal diseases', ['c05'], 2]","['connective tissue diseases', ['c17.300'], 2]","['metabolism, inborn errors', ['c16.320.565', 'c18.452.648'], 2]","['skin and connective tissue diseases', ['c17'], 3]","['genetic diseases, inborn', ['c16.320'], 3]","['metabolic diseases', ['c18.452'], 3]","['congenital, hereditary, and neonatal diseases and abnormalities', ['c16'], 4]","['nutritional and metabolic diseases', ['c18'], 4]"
"['Habitual Abortion', 0, 0]"
"['Dyspepsia', 0, 0]"
"['Intracranial Aneurysm', 0, 0]"
"['Vitiligo', 0, 0]"
"['Psychiatric Disorders', 0, 0]"
"['Cataract', 0, 0]"
"['Hyperglycemia', 0, 0]"
"['Non-Syndromic Orofacial Clefts', 0, 0]"
"['Alcohol Use Disorder', 0, 0]"
"['Uveitis', 0, 0]"
"['Dermatomyositis', 0, 0]"
"['IgA Nephropathy', 0, 0]"
"['Autoimmune Thyroiditis', 0, 0]"
"['Coronary Restenosis', 0, 0]"
"['Leprosy', 0, 0]"
"['Generalized Epilepsy with Febrile Seizures Plus', 0, 0]"
"['Li-Fraumeni Syndrome', 0, 0]"
"['Adenocarcinoma, Gastric', 0, 0]"
"['Cardiometabolic Disorders', 0, 0]"
"['Neuropsychiatric Disorders [unspecific]', 0, 0]"
"['endometrial neoplasms', ['c04.588.945.418.948.585', 'c13.351.500.852.762.200', 'c13.351.937.418.875.200'], 0]","['uterine neoplasms', ['c04.588.945.418.948', 'c13.351.500.852.762', 'c13.351.937.418.875'], 1]","['genital neoplasms, female', ['c04.588.945.418', 'c13.351.937.418'], 2]","['uterine diseases', ['c13.351.500.852'], 2]","['urogenital neoplasms', ['c04.588.945', 'c12.758', 'c13.351.937'], 3]","['genital diseases, female', ['c13.351.500'], 3]","['neoplasms by site', ['c04.588'], 4]","['male urogenital diseases', ['c12'], 4]","['female urogenital diseases', ['c13.351'], 4]","['neoplasms', ['c04'], 5]","['female urogenital diseases and pregnancy complications', ['c13'], 5]"
"['Carotid Atherosclerosis', 0, 0]"
"['Tooth Agenesis', 0, 0]"
"['Lymphoma, Follicular', 0, 0]"
"['Pemphigus', 0, 0]"
"['Ossification of Posterior Longitudinal Ligament', 0, 0]"
"['Kaposi Sarcoma', 0, 0]"
"['human immunodeficiency virus infection', 0, 0]"
"['Macular Degeneration', 0, 0]"
"['Neuroinflammation', 0, 0]"
"['Creutzfeldt-Jakob Disease', 0, 0]"
"['Lymphedema', 0, 0]"
"['Psoriatic Arthritis', 0, 0]"
"['Infertility', 0, 0]"
"['Charcot-Marie-Tooth Disease Type 1A', 0, 0]"
"['Lymphoma, Mantle-Cell', 0, 0]"
"['Progressive Supranuclear Palsy', 0, 0]"
"['Musculoskeletal Abnormalities [unspecific]', 0, 0]"
"['atrial fibrillation', ['c14.280.067.198', 'c23.550.073.198'], 0]","['arrhythmias, cardiac', ['c14.280.067', 'c23.550.073'], 1]","['heart diseases', ['c14.280'], 2]","['pathologic processes', ['c23.550'], 2]","['cardiovascular diseases', ['c14'], 3]","['pathological conditions, signs and symptoms', ['c23'], 3]"
"['Idiopathic Pulmonary Hypertension', 0, 0]"
"['Primary Immunodeficiency Disease', 0, 0]"
"['Renal Fibrosis', 0, 0]"
"['Pterygium', 0, 0]"
"['Hypogonadotropic Hypogonadism', 0, 0]"
"['Chronic Heart Failure', 0, 0]"
"['Carcinoma, Thyroid, Medullary', 0, 0]"
"['Immune System Disease [unspecific]', 0, 0]"
"['Encephalomyelitis', 0, 0]"
"['Intervertebral Disc Degeneration', 0, 0]"
"['Squamous Cell Carcinoma, Tongue', 0, 0]"
"['Vascular Injuries', 0, 0]"
"['carcinoma, nasopharyngeal', 0, 0]"
"['Infection [unspecific]', 0, 0]"
"['Listeriosis', 0, 0]"
"['Colitis', 0, 0]"
"['Alcoholic Hepatitis', 0, 0]"
"['Leiomyosarcoma', 0, 0]"
"['Rhinosinusitis', 0, 0]"
"['Acute Erythroid Leukemia', 0, 0]"
"['Gastrointestinal Stromal Tumor', 0, 0]"
"['Carcinoma, Laryngeal', 0, 0]"
"['Fanconi Anemia', 0, 0]"
"['Juvenile Rheumatoid Arthritis', 0, 0]"
"['Cytotoxicity Tests, Immunologic', 0, 0]"
"['Neovascularization, Pathologic', 0, 0]"
"['Hypertrophic Scar', 0, 0]"
"['Wound Healing', 0, 0]"
"['neuroblastoma', ['c04.557.465.625.600.590.650.550', 'c04.557.470.670.590.650.550', 'c04.557.580.625.600.590.650.550'], 0]","['neuroectodermal tumors, primitive, peripheral', ['c04.557.465.625.600.590.650', 'c04.557.470.670.590.650', 'c04.557.580.625.600.590.650'], 1]","['neuroectodermal tumors, primitive', ['c04.557.465.625.600.590', 'c04.557.470.670.590', 'c04.557.580.625.600.590'], 2]","['neoplasms, neuroepithelial', ['c04.557.465.625.600', 'c04.557.470.670', 'c04.557.580.625.600'], 3]","['neuroectodermal tumors', ['c04.557.465.625', 'c04.557.580.625'], 4]","['neoplasms, glandular and epithelial', ['c04.557.470'], 4]","['neoplasms, germ cell and embryonal', ['c04.557.465'], 5]","['neoplasms, nerve tissue', ['c04.557.580'], 5]","['neoplasms by histologic type', ['c04.557'], 5]","['neoplasms', ['c04'], 6]"
"['Uterine Leiomyoma', 0, 0]"
"['Liver Failure', 0, 0]"
"['Pituitary Adenoma', 0, 0]"
"['Neuropathic Pain', 0, 0]"
"['Congenital Diaphragmatic Hernia', 0, 0]"
"['Retinal Neovascularization', 0, 0]"
"['Adenovirus Infection', 0, 0]"
"['cardiovascular diseases [unspecific]', 0, 0]"
"['Astrocytoma', 0, 0]"
"['Laryngeal Neoplasms', 0, 0]"
"['Carcinoma, Skin', 0, 0]"
"['Lymphoma, T-Cell, Cutaneous', 0, 0]"
"['Hypoxia', 0, 0]"
"['Carcinoma, Salivary Adenoid Cystic', 0, 0]"
"['Chronic Pain', 0, 0]"
"['Lacrimal Adenoid Cystic Carcinoma', 0, 0]"
"['Invasive Bladder Transitional Cell Carcinoma', 0, 0]"
"['Granular Corneal Dystrophy', 0, 0]"
"['Allergy', 0, 0]"
"['Cardiomyopathy, Ischemic', 0, 0]"
"['ischemia-reperfusion injury', 0, 0]"
"['Germ Cell And Embryonal Neoplasms', 0, 0]"
"['Teratocarcinoma', 0, 0]"
"['Lipid Metabolism Disorder', 0, 0]"
"['Barrett Esophagus', 0, 0]"
"['medulloblastoma', ['c04.557.465.625.600.380.515', 'c04.557.465.625.600.590.500', 'c04.557.470.670.380.515', 'c04.557.470.670.590.500', 'c04.557.580.625.600.380.515', 'c04.557.580.625.600.590.500'], 0]","['glioma', ['c04.557.465.625.600.380', 'c04.557.470.670.380', 'c04.557.580.625.600.380'], 1]","['neuroectodermal tumors, primitive', ['c04.557.465.625.600.590', 'c04.557.470.670.590', 'c04.557.580.625.600.590'], 1]","['neoplasms, neuroepithelial', ['c04.557.465.625.600', 'c04.557.470.670', 'c04.557.580.625.600'], 2]","['neuroectodermal tumors', ['c04.557.465.625', 'c04.557.580.625'], 3]","['neoplasms, glandular and epithelial', ['c04.557.470'], 3]","['neoplasms, germ cell and embryonal', ['c04.557.465'], 4]","['neoplasms, nerve tissue', ['c04.557.580'], 4]","['neoplasms by histologic type', ['c04.557'], 4]","['neoplasms', ['c04'], 5]"
"['Neutropenia', 0, 0]"
"['Pain', 0, 0]"
"['Meningioma', 0, 0]"
"['Intracerebral Hemorrhage', 0, 0]"
"['Alopecia', 0, 0]"
"['Severe Acute Respiratory Syndrome Virus Infection', 0, 0]"
"['Chlamydial Infection ', 0, 0]"
"['Chordoma', 0, 0]"
"['Toxoplasma gondii Infection', 0, 0]"
"['Acute Megakaryoblastic Leukemia', 0, 0]"
"['Granulosa Cell Tumor', 0, 0]"
"['Cocaine Abuse', 0, 0]"
"['Distal Myopathy', 0, 0]"
"['asthma', ['c08.127.108', 'c08.381.495.108', 'c08.674.095', 'c20.543.480.680.095'], 0]","['bronchial diseases', ['c08.127'], 1]","['lung diseases, obstructive', ['c08.381.495'], 1]","['respiratory hypersensitivity', ['c08.674', 'c20.543.480.680'], 1]","['respiratory tract diseases', ['c08'], 2]","['lung diseases', ['c08.381'], 2]","['hypersensitivity, immediate', ['c20.543.480'], 2]","['hypersensitivity', ['c20.543'], 3]","['immune system diseases', ['c20'], 4]"
"['Carcinoma, Basal Cell', 0, 0]"
"['Childhood Leukemia', 0, 0]"
"['Panic Disorder', 0, 0]"
"['Periodontal Diseases', 0, 0]"
"['Congenital Deafness', 0, 0]"
"['Antiphospholipid Syndrome', 0, 0]"
"['carcinoma, hepatocellular', ['c04.557.470.200.025.255', 'c04.588.274.623.160', 'c06.301.623.160', 'c06.552.697.160'], 0]","['adenocarcinoma', ['c04.557.470.200.025'], 1]","['liver neoplasms', ['c04.588.274.623', 'c06.301.623', 'c06.552.697'], 1]","['carcinoma', ['c04.557.470.200'], 2]","['digestive system neoplasms', ['c04.588.274', 'c06.301'], 2]","['liver diseases', ['c06.552'], 2]","['neoplasms, glandular and epithelial', ['c04.557.470'], 3]","['neoplasms by site', ['c04.588'], 3]","['digestive system diseases', ['c06'], 3]","['neoplasms by histologic type', ['c04.557'], 4]","['neoplasms', ['c04'], 4]"
"['Squamous Cell Carcinoma, Maxillary Sinus', 0, 0]"
"['Atrophic Gastritis', 0, 0]"
"['Hailey-Hailey Disease', 0, 0]"
"['Anus Neoplasm', 0, 0]"
"['Adenocarcinoma, Endometrial', 0, 0]"
"['Hand, Foot And Mouth Disease', 0, 0]"
"['Biliary Atresia', 0, 0]"
"['Sezary Disease', 0, 0]"
"['Keloid', 0, 0]"
"['Thrombocytosis', 0, 0]"
"['Cardiac Fibrosis', 0, 0]"
"['Diffuse Lipomatosis', 0, 0]"
"['Oral Leukoplakia', 0, 0]"
"['Lepromatous Leprosy', 0, 0]"
"['Porcine Reproductive and Respiratory Syndrome Virus Infection', 0, 0]"
"['Interstitial Cystitis', 0, 0]"
"['inflammation', ['c23.550.470'], 0]","['pathologic processes', ['c23.550'], 1]","['pathological conditions, signs and symptoms', ['c23'], 2]"
"['Psychotic Disorders', 0, 0]"
"['Feingold Syndrome', 0, 0]"
"['Hepatitis E Virus Infection', 0, 0]"
"['Pancreatic Serous Cystic Neoplasm', 0, 0]"
"['Pheochromocytoma', 0, 0]"
"['pheochromocytoma', ['c04.557.465.625.650.700.725', 'c04.557.580.625.650.700.725'], 0]","['paraganglioma', ['c04.557.465.625.650.700', 'c04.557.580.625.650.700'], 1]","['neuroendocrine tumors', ['c04.557.465.625.650', 'c04.557.580.625.650'], 2]","['neuroectodermal tumors', ['c04.557.465.625', 'c04.557.580.625'], 3]","['neoplasms, germ cell and embryonal', ['c04.557.465'], 4]","['neoplasms, nerve tissue', ['c04.557.580'], 4]","['neoplasms by histologic type', ['c04.557'], 5]","['neoplasms', ['c04'], 6]"
"['Chronic Inflammation', 0, 0]"
"['Salivary Gland Neoplasms', 0, 0]"
"['Lesch-Nyhan Syndrome', 0, 0]"
"['Coxsackievirus Infection', 0, 0]"
"['Salmonellosis', 0, 0]"
"['Microvascular Disease', 0, 0]"
"['bladder neoplasms', 0, 0]"
"['Vulvar Squamous Cell Carcinoma', 0, 0]"
"['Pediatric Glioma', 0, 0]"
"['Hantavirus Infection', 0, 0]"
"['Leishmaniasis', 0, 0]"
"['Perlman Syndrome', 0, 0]"
"['Chikungunya Virus Infection', 0, 0]"
"['Fetal Alcohol Spectrum Disorder', 0, 0]"
"['Fuchs Endothelial Dystrophy', 0, 0]"
"['Bladder Outlet Obstruction', 0, 0]"
"['Systemic Mastocytosis', 0, 0]"
"['Squamous Cell Carcinoma, Skin or Unspecific', 0, 0]"
"['Wound Inflammation', 0, 0]"
"['Diabetic Vasculopathy', 0, 0]"
"['Pediatric Osteosarcoma', 0, 0]"
"['Childhood Obesity', 0, 0]"
"['Meningitis', 0, 0]"
"['Skin Disease [unspecific]', 0, 0]"
"['Carcinoma, Tounge', 0, 0]"
"['Enterovirus Infection', 0, 0]"
"['Early-Stage Small-Cell Lung Carcinoma', 0, 0]"
"['Selective IgE Deficiency Disease', 0, 0]"
"['Long QT Syndrome', 0, 0]"
"['Cervix Endometrial Stromal Tumor', 0, 0]"
"['Tetralogy Of Fallot', 0, 0]"
"['Breast Malignant Phyllodes Tumor', 0, 0]"
"['Keratitis', 0, 0]"
"['Epstein-Barr Virus Infection', 0, 0]"
"['Posterior Capsule Opacification', 0, 0]"
"['Aortic Aneurysm', 0, 0]"
"['Ebola Hemorrhagic Fever', 0, 0]"
"['Adenocarcinoma, Prostate', 0, 0]"
"['adenocarcinoma, prostate', 0, 0]"
"['Carcinoma, Ovarian, Clear Cell', 0, 0]"
"['Tibial Meniscus Injuries', 0, 0]"
"['Carcinoma, Neuroendocrine', 0, 0]"
"['Atypical Teratoid Tumor', 0, 0]"
"['Gallstones', 0, 0]"
"['Uterine Corpus Choriocarcinoma', 0, 0]"
"['Endometrial Stromal Sarcoma', 0, 0]"
"['Androgenetic Alopecia', 0, 0]"
"['cystic fibrosis', ['c06.689.202', 'c08.381.187', 'c16.320.190', 'c16.614.213'], 0]","['pancreatic diseases', ['c06.689'], 1]","['lung diseases', ['c08.381'], 1]","['genetic diseases, inborn', ['c16.320'], 1]","['infant, newborn, diseases', ['c16.614'], 1]","['digestive system diseases', ['c06'], 2]","['respiratory tract diseases', ['c08'], 2]","['congenital, hereditary, and neonatal diseases and abnormalities', ['c16'], 2]"
"['Cholestasis', 0, 0]"
"['Adenocarcinoma, Cervical', 0, 0]"
"['Bipolar Disorder', 0, 0]"
"['Thrombosis', 0, 0]"
"['Japanese Encephalitis Virus Infection', 0, 0]"
"['Thyroid Adenomas', 0, 0]"
"['squamous cell carcinoma, tongue', 0, 0]"
"['Pregnancy Complications [unspecific]', 0, 0]"
"['Cervicitis', 0, 0]"
"['Mandibular Prognathism', 0, 0]"
"['Narcolepsy', 0, 0]"
"['Neuroendocrine Tumors', 0, 0]"
"['Coloboma', 0, 0]"
"['Chromosome 5q Deletion Syndrome', 0, 0]"
"['Toxic Encephalopathy', 0, 0]"
"['Intellectual Disability', 0, 0]"
"['Leukemia, Myelogenous, Chronic, BCR-ABL Positive', 0, 0]"
"['Costello Syndrome', 0, 0]"
"['Colorectal Adenoma', 0, 0]"
"['Non-Sensory Diseases', 0, 0]"
"['Early-Stage Colon Carcinoma', 0, 0]"
"['Hemophilia A', 0, 0]"
"['Mitochondrial Metabolism Disease', 0, 0]"
"['Growth Disorders', 0, 0]"
"['Digeorge Syndrome', 0, 0]"
"['Aortic Insufficiency', 0, 0]"
"['Hypogonadism', 0, 0]"
"['Emphysema', 0, 0]"
"['Peritoneal Dialysis Failure', 0, 0]"
"['Disease of Metabolism', 0, 0]"
"['Aneurysm', 0, 0]"
"['Bronchiolitis Obliterans Syndrome', 0, 0]"
"['Carcinoma, Merkel Cell', 0, 0]"
"['Carcinoma, Gastrooesophageal', 0, 0]"
"['Neurofibromatosis type 2', 0, 0]"
"['Ovarian Disease', 0, 0]"
"['Pneumonia', 0, 0]"
"['Recurrent Wheezing', 0, 0]"
"['Bone Disease [unspecific]', 0, 0]"
"['Blindness', 0, 0]"
"['Atrioventricular Septal Defect', 0, 0]"
"['Preterm Labor', 0, 0]"
"['Chromosome 15q13.3 Microdeletion Syndrome', 0, 0]"
"['Holt-Oram Syndrome', 0, 0]"
"['intrahepatic cholangiocarcinoma', 0, 0]"
"['Osteogenesis Imperfecta', 0, 0]"
"['Carcinoma, Thyroid, Anaplastic', 0, 0]"
"['Leukemia, Lymphoblastic, Acute, B-Cell', 0, 0]"
"['Gastric Cardia Adenocarcinoma', 0, 0]"
"['Acute Brucellosis', 0, 0]"
"['White Spot Syndrome Virus Infection', 0, 0]"
"['Hemoglobin Diseases', 0, 0]"
"['Cardiac Myocyte Injury', 0, 0]"
"['Breast Adenocarcinoma', 0, 0]"
"['Myelofibrosis', 0, 0]"
"['Persistent Fetal Circulation Syndrome', 0, 0]"
"['Cerebral Aneurysm', 0, 0]"
"['Osteoporosis, Postmenopausal', 0, 0]"
"['parkinson disease', ['c10.228.140.079.862.500', 'c10.228.662.600.400', 'c10.574.812'], 0]","['parkinsonian disorders', ['c10.228.140.079.862', 'c10.228.662.600'], 1]","['neurodegenerative diseases', ['c10.574'], 1]","['basal ganglia diseases', ['c10.228.140.079'], 2]","['movement disorders', ['c10.228.662'], 2]","['nervous system diseases', ['c10'], 2]","['brain diseases', ['c10.228.140'], 3]","['central nervous system diseases', ['c10.228'], 3]"
"['Breast Ductal Carcinoma', 0, 0]"
"['Carcinoma, Gingival', 0, 0]"
"['Human Cytomegalovirus Infection', 0, 0]"
"['human cytomegalovirus infection', 0, 0]"
"['Nasal Cavity Inverting Papilloma', 0, 0]"
"['Blood Coagulation Disorders', 0, 0]"
"['Early-Stage Colon Adenocarcinoma', 0, 0]"
"['Neuronal Apoptosis-Related Diseases', 0, 0]"
"['Retinal Vascular Disease', 0, 0]"
"['Alveolar Rhabdomyosarcoma', 0, 0]"
"['Heart Valve Disease', 0, 0]"
"['Lung Injury [unspecific]', 0, 0]"
"['Dental Enamel Hypoplasia', 0, 0]"
"['Hypohidrotic Ectodermal Dysplasia', 0, 0]"
"['Status Epilepticus', 0, 0]"
"['Salivary Gland Disease', 0, 0]"
"['Cone Dystrophy', 0, 0]"
"['Allergic Contact Dermatitis', 0, 0]"
"['Cornea Squamous Cell Carcinoma', 0, 0]"
"['Sciatic Nerve Injury', 0, 0]"
"['alveolar rhabdomyosarcoma', 0, 0]"
"['Pediatric Ependymoma', 0, 0]"
"['Diabetic Encephalopathy', 0, 0]"
"['Diabetic Polyneuropathy', 0, 0]"
"['Respiratory System Disease', 0, 0]"
"['Infectious Bursal Disease Virus', 0, 0]"
"['Monocytic Leukemia', 0, 0]"
"['Carcinoma, Pancreatic Ductal', 0, 0]"
"['Arteriovenous Malformations of the Brain', 0, 0]"
"['Becker Muscular Dystrophy', 0, 0]"
"['Muscular Dystrophy, Facioscapulohumeral', 0, 0]"
"['Bronchopneumonia', 0, 0]"
"['Rheumatic Myocarditis', 0, 0]"
"['muscle diseases [unspecific]', 0, 0]"
"['Diabetic Peripheral Neuropathy', 0, 0]"
"['Carcinoma, Oropharyngeal', 0, 0]"
"['Fabry Disease', 0, 0]"
"['Subacute Sclerosing Panencephalitis', 0, 0]"
"['squamous cell carcinoma, esophageal', 0, 0]"
"['Lichen Planus', 0, 0]"
"['Cutaneous Lupus Erythematosus', 0, 0]"
"['Johne Disease', 0, 0]"
"['Small Intestine Carcinoma', 0, 0]"
"['diabetes mellitus, gestational', 0, 0]"
"['Embryonal Testis Carcinoma', 0, 0]"
"['Non-Traumatic Osteonecrosis', 0, 0]"
"['Uterine Corpus Endometrial Carcinoma', 0, 0]"
"['oral neoplasms', 0, 0]"
"['Leiomyoma', 0, 0]"
"['adenocarcinoma, colon', 0, 0]"
"['Patau Syndrome', 0, 0]"
"['urinary bladder cancer', 0, 0]"
"['Fibrosarcoma', 0, 0]"
"['leukemia-lymphoma, adult t-cell', ['c04.557.337.428.580.100', 'c15.604.515.560.575.100', 'c20.683.515.528.582.100'], 0]","['leukemia, t-cell', ['c04.557.337.428.580', 'c15.604.515.560.575', 'c20.683.515.528.582'], 1]","['leukemia, lymphoid', ['c04.557.337.428', 'c15.604.515.560', 'c20.683.515.528'], 2]","['leukemia', ['c04.557.337'], 3]","['lymphoproliferative disorders', ['c15.604.515', 'c20.683.515'], 3]","['neoplasms by histologic type', ['c04.557'], 4]","['lymphatic diseases', ['c15.604'], 4]","['immunoproliferative disorders', ['c20.683'], 4]","['neoplasms', ['c04'], 5]","['hemic and lymphatic diseases', ['c15'], 5]","['immune system diseases', ['c20'], 5]"
"['Hemangiosarcoma', 0, 0]"
"['Myositis Ossificans', 0, 0]"
"['Demyelinating Diseases', 0, 0]"
"['Cryptosporidium infection', 0, 0]"
"['Odontogenic Tumors', 0, 0]"
"['Oligodendroglioma', 0, 0]"
"['head and neck neoplasms', ['c04.588.443'], 0]","['neoplasms by site', ['c04.588'], 1]","['neoplasms', ['c04'], 2]"
"['Pancreatic Diseases', 0, 0]"
"['Lymphoma, Extranodal NK-T-Cell', 0, 0]"
"['carcinoma, lung, small-cell', 0, 0]"
"['Osteopetrosis', 0, 0]"
"['Malignant Peripheral Nerve Sheath Tumor', 0, 0]"
"['Rhabdoid Cancer', 0, 0]"
"['squamous cell carcinoma, laryngeal or hypopharyngeal', 0, 0]"
"['Epithelioid Sarcoma', 0, 0]"
"['Melasma', 0, 0]"
"['Glioblastoma Mesenchymal Subtype', 0, 0]"
"['Fungal Keratitis', 0, 0]"
"['Inner Ear Inflammation', 0, 0]"
"['Varicocele', 0, 0]"
"['Anxiety', 0, 0]"
"['cardiomyopathy, hypertrophic', ['c14.280.238.100', 'c14.280.484.150.070.160'], 0]","['cardiomyopathies', ['c14.280.238'], 1]","['aortic stenosis, subvalvular', ['c14.280.484.150.070', 'c14.280.955.249.070'], 1]","['heart diseases', ['c14.280'], 2]","['aortic valve stenosis', ['c14.280.484.150', 'c14.280.955.249'], 2]","['cardiovascular diseases', ['c14'], 3]","['heart valve diseases', ['c14.280.484'], 3]","['ventricular outflow obstruction', ['c14.280.955'], 3]"
"['Hepatic Ischemia-Reperfusion Injury', 0, 0]"
"['Choroidal Neovascularization', 0, 0]"
"['Fever', 0, 0]"
"['osteosarcoma', ['c04.557.450.565.575.650', 'c04.557.450.795.620'], 0]","['neoplasms, bone tissue', ['c04.557.450.565.575'], 1]","['sarcoma', ['c04.557.450.795'], 1]","['neoplasms, connective tissue', ['c04.557.450.565', 'c17.300.680'], 2]","['neoplasms, connective and soft tissue', ['c04.557.450'], 2]","['connective tissue diseases', ['c17.300'], 3]","['neoplasms by histologic type', ['c04.557'], 3]","['skin and connective tissue diseases', ['c17'], 4]","['neoplasms', ['c04'], 4]"
"['Adenocarcinoma, Gastric-Esophageal Junction', 0, 0]"
"['Nephrolithiasis', 0, 0]"
"['Thrombocytopenia', 0, 0]"
"['Asthenozoospermia', 0, 0]"
"['Chromosome 22Q11.2 Deletion Syndrome, Distal', 0, 0]"
"['Borjeson-Forssman-Lehmann Syndrome', 0, 0]"
"['Somatotropinoma', 0, 0]"
"['Lynch Syndrome', 0, 0]"
"['Congenital Myasthenic Syndrome', 0, 0]"
"['Cardiac Myxoma', 0, 0]"
"['Follicular Atresia', 0, 0]"
"['Oral Submucous Fibrosis', 0, 0]"
"['Osteomyelitis', 0, 0]"
"['ischemic heart disease', 0, 0]"
"['Congenital Microtia', 0, 0]"
"['Roberts Syndrome', 0, 0]"
"['carcinoma, cervical', 0, 0]"
"['Post-Traumatic Stress Disorder', 0, 0]"
"['Iron Metabolism Disease', 0, 0]"
"['Liver Transplant Rejection', 0, 0]"
"['Carcinoma, Gastric, Signet Ring Cell', 0, 0]"
"['Complex Regional Pain Syndrome', 0, 0]"
"['Sickle Cell Anemia', 0, 0]"
"['Essential Thrombocythemia', 0, 0]"
"['Myxoid Liposarcoma', 0, 0]"
"['Anaplastic Astrocytoma', 0, 0]"
"['Knee Osteoarthritis', 0, 0]"
"['liver cirrhosis', ['c06.552.630'], 0]","['liver diseases', ['c06.552'], 1]","['digestive system diseases', ['c06'], 2]"
"['carcinoma, gastric', 0, 0]"
"['carcinoma, prostate', 0, 0]"
"['Diabetic Cataract', 0, 0]"
"['Obstructive Sleep Apnea', 0, 0]"
"['Thyroid-Associated Ophthalmopathy', 0, 0]"
"['Ileus', 0, 0]"
"['Cardio-Renal Syndrome', 0, 0]"
"['Bone Cancer', 0, 0]"
"['hepatocellular carcinoma', 0, 0]"
"['Spinal Chordoma', 0, 0]"
"['Cartilage Disease [unspecific]', 0, 0]"
"['Kidney Osteogenic Sarcoma', 0, 0]"
"['Cleidocranial Dysplasia', 0, 0]"
"['Autosomal Dominant Polycystic Kidney Disease', 0, 0]"
"['Pineal Gland Cancer', 0, 0]"
"['Legg-Calve-Perthes Disease', 0, 0]"
"['Evans Syndrome', 0, 0]"
"['Cerebrovascular Disease', 0, 0]"
"['Angiomyolipoma', 0, 0]"
"['Sickle Cell Disease', 0, 0]"
"['Meningitis, Pneumococcal', 0, 0]"
"['Cor Pulmonale', 0, 0]"
"['Coronavirus Infections', 0, 0]"
"['Lymphocytic Choriomeningitis', 0, 0]"
"['Dengue Shock Syndrome', 0, 0]"
"['MALT Lymphoma', 0, 0]"
"['Congenital Hypothyroidism', 0, 0]"
"['Arterial Calcification of Infancy', 0, 0]"
"['Ocular Motility Disease', 0, 0]"
"['Idiopathic Scoliosis', 0, 0]"
"['Carcinoma, Head And Neck', 0, 0]"
"['hemophilus influenzae infection', 0, 0]"
"['Hidradenitis Suppurativa', 0, 0]"
"['Visceral Leishmaniasis', 0, 0]"
"['Chronic Cerebral Hypoperfusion', 0, 0]"
"['Peri-Implantitis', 0, 0]"
"['Aniridia', 0, 0]"
"['Venous Thromboembolism', 0, 0]"
"['Diarrhea', 0, 0]"
"['osteoporosis', ['c05.116.198.579'], 0]","['bone diseases, metabolic', ['c05.116.198'], 1]","['bone diseases', ['c05.116'], 2]","['musculoskeletal diseases', ['c05'], 3]"
"['Glomerulosclerosis', 0, 0]"
"['Rapidly Progressive Glomerulonephritis', 0, 0]"
"['Arteriovenous Malformation', 0, 0]"
"['Enteropathy', 0, 0]"
"['Mast Cell Neoplasm', 0, 0]"
"['Bladder Fibrosis', 0, 0]"
"['Mucosulfatidosis', 0, 0]"
"['Tauopathy', 0, 0]"
"['laryngeal neoplasms', ['c04.588.443.665.481', 'c08.360.369', 'c08.785.481', 'c09.400.369', 'c09.647.481'], 0]","['otorhinolaryngologic neoplasms', ['c04.588.443.665', 'c09.647'], 1]","['laryngeal diseases', ['c08.360', 'c09.400'], 1]","['respiratory tract neoplasms', ['c04.588.894.797', 'c08.785'], 1]","['head and neck neoplasms', ['c04.588.443'], 2]","['otorhinolaryngologic diseases', ['c09'], 2]","['respiratory tract diseases', ['c08'], 2]","['thoracic neoplasms', ['c04.588.894'], 2]","['neoplasms by site', ['c04.588'], 3]","['neoplasms', ['c04'], 4]"
"['Pelvic Organ Prolapse', 0, 0]"
"['Primary Aldosteronism', 0, 0]"
"['Light-Induced Retinal Injury', 0, 0]"
"['Hemoglobinopathy', 0, 0]"
"['Burns', 0, 0]"
"['Hemophagocytic Lymphohistiocytosis', 0, 0]"
"['Uremic Neuropathy', 0, 0]"
"['Carcinoma, Vulvar', 0, 0]"
"['Hyperuricemia', 0, 0]"
"['Skin Injury', 0, 0]"
"['Mitochondrial Encephalomyopathy', 0, 0]"
"['Peritoneal Fibrosis', 0, 0]"
"['Uterine Leiomyosarcoma', 0, 0]"
"['uterine leiomyosarcoma', 0, 0]"
"['Corneal Neovascularization', 0, 0]"
"['Uterine Carcinosarcoma', 0, 0]"
"['Intraductal Papillary Mucinous Neoplasms', 0, 0]"
"['Short Bowel Syndrome', 0, 0]"
"['Prostate Disease', 0, 0]"
"['Intestinal Barrier Dysfunction', 0, 0]"
"['Seizures', 0, 0]"
"['leukemia, t-cell', ['c04.557.337.428.580', 'c15.604.515.560.575', 'c20.683.515.528.582'], 0]","['leukemia, lymphoid', ['c04.557.337.428', 'c15.604.515.560', 'c20.683.515.528'], 1]","['leukemia', ['c04.557.337'], 2]","['lymphoproliferative disorders', ['c15.604.515', 'c20.683.515'], 2]","['neoplasms by histologic type', ['c04.557'], 3]","['lymphatic diseases', ['c15.604'], 3]","['immunoproliferative disorders', ['c20.683'], 3]","['neoplasms', ['c04'], 4]","['hemic and lymphatic diseases', ['c15'], 4]","['immune system diseases', ['c20'], 4]"
"['Gliosis', 0, 0]"
"['PTEN Hamartoma Tumor Tyndrome', 0, 0]"
"['MELAS Syndrome', 0, 0]"
"['Retinitis Pigmentosa', 0, 0]"
"['Lymphoma, Primary Effusion', 0, 0]"
"['lymphoma, primary effusion', ['c04.557.386.480.150.592', 'c15.604.515.569.480.150.592', 'c20.683.515.761.480.150.592'], 0]","['lymphoma, b-cell', ['c04.557.386.480.150', 'c15.604.515.569.480.150', 'c20.683.515.761.480.150'], 1]","['lymphoma, non-hodgkin', ['c04.557.386.480', 'c15.604.515.569.480', 'c20.683.515.761.480'], 2]","['lymphoma', ['c04.557.386', 'c15.604.515.569', 'c20.683.515.761'], 3]","['neoplasms by histologic type', ['c04.557'], 4]","['lymphoproliferative disorders', ['c15.604.515', 'c20.683.515'], 4]","['neoplasms', ['c04'], 5]","['lymphatic diseases', ['c15.604'], 5]","['immunoproliferative disorders', ['c20.683'], 5]","['hemic and lymphatic diseases', ['c15'], 6]","['immune system diseases', ['c20'], 6]"
"['Endotoxemia', 0, 0]"
"['squamous cell carcinoma, lung', 0, 0]"
"['Neuroma', 0, 0]"
"['Learned Helplessness', 0, 0]"
"['barrett esophagus', ['c06.198.102', 'c06.405.117.102'], 0]","['digestive system abnormalities', ['c06.198', 'c16.131.314'], 1]","['esophageal diseases', ['c06.405.117'], 1]","['digestive system diseases', ['c06'], 2]","['congenital abnormalities', ['c16.131'], 2]","['gastrointestinal diseases', ['c06.405'], 2]","['congenital, hereditary, and neonatal diseases and abnormalities', ['c16'], 3]"
"['Mycosis Fungoides', 0, 0]"
"['Aortic Aneurysm, Thoracic', 0, 0]"
"['glioblastoma', ['c04.557.465.625.600.380.080.335', 'c04.557.470.670.380.080.335', 'c04.557.580.625.600.380.080.335'], 0]","['astrocytoma', ['c04.557.465.625.600.380.080', 'c04.557.470.670.380.080', 'c04.557.580.625.600.380.080'], 1]","['glioma', ['c04.557.465.625.600.380', 'c04.557.470.670.380', 'c04.557.580.625.600.380'], 2]","['neoplasms, neuroepithelial', ['c04.557.465.625.600', 'c04.557.470.670', 'c04.557.580.625.600'], 3]","['neuroectodermal tumors', ['c04.557.465.625', 'c04.557.580.625'], 4]","['neoplasms, glandular and epithelial', ['c04.557.470'], 4]","['neoplasms, germ cell and embryonal', ['c04.557.465'], 5]","['neoplasms, nerve tissue', ['c04.557.580'], 5]","['neoplasms by histologic type', ['c04.557'], 5]","['neoplasms', ['c04'], 6]"
"['Allergic Rhinitis,Perennial', 0, 0]"
"['Prolactinoma', 0, 0]"
"['Squamous Cell Carcinoma, Sinonasal', 0, 0]"
"['myotonic muscular dystrophy', 0, 0]"
"['Hereditary Hemorrhagic Telangiectasia', 0, 0]"
"['Cytomegalovirus Retinitis', 0, 0]"
"['Myositis', 0, 0]"
"['ectopic pregnancy', 0, 0]"
"['Fibromyalgia', 0, 0]"
"['Constriction, Pathologic', 0, 0]"
"['Cardiotoxicity', 0, 0]"
"['Cerebral Cavernous Malformations', 0, 0]"
"['Carcinoma, Adenoid Cystic', 0, 0]"
"['Endocrine Gland Neoplasms', 0, 0]"
"['Fibromatosis, Aggressive', 0, 0]"
"['Vasomotor Rhinitis', 0, 0]"
"['Alcoholic Cardiomyopathy', 0, 0]"
"['Ovarian Germ Cell Cancer', 0, 0]"
"['NUT Midline Carcinoma', 0, 0]"
"['Urinary System Cancer', 0, 0]"
"['Carcinosarcoma', 0, 0]"
"['azoospermia', ['c12.294.365.700.380'], 0]","['infertility, male', ['c12.294.365.700'], 1]","['infertility', ['c12.294.365', 'c13.351.500.365'], 2]","['genital diseases, male', ['c12.294'], 3]","['genital diseases, female', ['c13.351.500'], 3]","['male urogenital diseases', ['c12'], 4]","['female urogenital diseases', ['c13.351'], 4]","['female urogenital diseases and pregnancy complications', ['c13'], 5]"
"['Nevus', 0, 0]"
"['Frontotemporal Lobar Degeneration', 0, 0]"
"['Shock, Septic', 0, 0]"
"['gastrointestinal neoplasms', ['c04.588.274.476', 'c06.301.371', 'c06.405.249'], 0]","['digestive system neoplasms', ['c04.588.274', 'c06.301'], 1]","['gastrointestinal diseases', ['c06.405'], 1]","['neoplasms by site', ['c04.588'], 2]","['digestive system diseases', ['c06'], 2]","['neoplasms', ['c04'], 3]"
"['thyroid lymphoma', 0, 0]"
"['Thyroid Lymphoma', 0, 0]"
"['Mycobacterium Avium Complex Disease', 0, 0]"
"['Stroke, Hemorrhagic', 0, 0]"
"['Carcinoma, Supraglottic', 0, 0]"
"['Uterine Corpus Serous Adenocarcinoma', 0, 0]"
"['Varicella', 0, 0]"
"['Acute Liver Failure', 0, 0]"
"['Pallister-Killian Syndrome', 0, 0]"
"['Multiple System Atrophy', 0, 0]"
"['Lymphoproliferative Disorders', 0, 0]"
"['Small Cell Carcinoma, Esophageal', 0, 0]"
"['Head And Neck Adenoid Cystic Carcinoma', 0, 0]"
"['Medulloepithelioma', 0, 0]"
"['non-traumatic osteonecrosis', 0, 0]"
"['Chronic Pancreatitis', 0, 0]"
"['Carcinoma, Renal Cell, Chromophobe', 0, 0]"
"['Necrotizing Enterocolitis', 0, 0]"
"['Uterine Corpus Myxoid Leiomyosarcoma', 0, 0]"
"['Neuroepithelial Tumors', 0, 0]"
"['pulmonary sarcoidosis', 0, 0]"
"['Vogt-Koyanagi-Harada Disease', 0, 0]"
"['Silicosis', 0, 0]"
"['Balkan Nephropathy', 0, 0]"
"['Borna Disease', 0, 0]"
"['borna disease', ['c02.782.580.124', 'c22.152'], 0]","['mononegavirales infections', ['c02.782.580'], 1]","['animal diseases', ['c22'], 1]","['rna virus infections', ['c02.782'], 2]","['virus diseases', ['c02'], 3]"
"['Polyangiitis', 0, 0]"
"['Reproductive System Disease', 0, 0]"
"['Guillain-Barre Syndrome', 0, 0]"
"['Porphyromonas Gingivalis', 0, 0]"
"['Lyme Disease', 0, 0]"
"['Adenocarcinoma, Sebaceous', 0, 0]"
"['Penis Carcinoma', 0, 0]"
"['Gestational Trophoblastic Disease', 0, 0]"
"['Thymoma', 0, 0]"
"['Sertoli Cell-Only Syndrome', 0, 0]"
"['Mastitis', 0, 0]"
"['Skin Hemangioma', 0, 0]"
"['African Swine Fever', 0, 0]"
"['Carcinoma, Mucoepidermoid', 0, 0]"
"['Vulvar Squamous Tumor', 0, 0]"
"['Mitral Valve Disease', 0, 0]"
"['Acute Peritonitis', 0, 0]"
"['Peritoneal Neoplasms', 0, 0]"
"['pituitary adenoma', 0, 0]"
"['Parathyroid Carcinoma', 0, 0]"
"['Hearing Disorders', 0, 0]"
"['Ganglioglioma', 0, 0]"
"['Renal Oncocytoma', 0, 0]"
"['Smoke Inhalation Injury', 0, 0]"
"['Prader-Willi Syndrome', 0, 0]"
"['X-linked Alport Syndrome', 0, 0]"
"['adenocarcinoma, endometrial', 0, 0]"
"['Eclampsia', 0, 0]"
"['Nephrosclerosis', 0, 0]"
"['Niemann-Pick Disease, Type C', 0, 0]"
"['mesothelioma', ['c04.557.470.035.510', 'c04.557.470.660.510'], 0]","['adenoma', ['c04.557.470.035'], 1]","['neoplasms, mesothelial', ['c04.557.470.660'], 1]","['neoplasms, glandular and epithelial', ['c04.557.470'], 2]","['neoplasms by histologic type', ['c04.557'], 3]","['neoplasms', ['c04'], 4]"
"['Carcinoma, Ehrlich Tumor', 0, 0]"
"['alopecia', ['c17.800.329.937.122', 'c23.300.035'], 0]","['hypotrichosis', ['c17.800.329.937'], 1]","['pathological conditions, anatomical', ['c23.300'], 1]","['hair diseases', ['c17.800.329'], 2]","['pathological conditions, signs and symptoms', ['c23'], 2]","['skin diseases', ['c17.800'], 3]","['skin and connective tissue diseases', ['c17'], 4]"
"['Gerstmann-Straussler-Scheinker Syndrome', 0, 0]"
"['Multiple Endocrine Neoplasia Type 1', 0, 0]"
"['Liver Diseases, Alcoholic', 0, 0]"
"['Seminoma', 0, 0]"
"['Esophagitis', 0, 0]"
"['esophageal neoplasms', ['c04.588.274.476.205', 'c04.588.443.353', 'c06.301.371.205', 'c06.405.117.430', 'c06.405.249.205'], 0]","['gastrointestinal neoplasms', ['c04.588.274.476', 'c06.301.371', 'c06.405.249'], 1]","['head and neck neoplasms', ['c04.588.443'], 1]","['esophageal diseases', ['c06.405.117'], 1]","['digestive system neoplasms', ['c04.588.274', 'c06.301'], 2]","['gastrointestinal diseases', ['c06.405'], 2]","['neoplasms by site', ['c04.588'], 2]","['digestive system diseases', ['c06'], 3]","['neoplasms', ['c04'], 3]"
"['Pancreatic Intraductal Papillary Mucinous Neoplasms', 0, 0]"
"['HIV-Associated Lipodystrophy', 0, 0]"
"['Osteonecrosis', 0, 0]"
"['Gastroduodenal Ulcer', 0, 0]"
"['Sebaceous Carcinoma', 0, 0]"
"['Gaucher Disease', 0, 0]"
"['Chronic Alcohol-Induced Alveolar Macrophage Dysfunction', 0, 0]"
"['lymphoma, large b-cell, diffuse', ['c04.557.386.480.150.585', 'c15.604.515.569.480.150.585', 'c20.683.515.761.480.150.585'], 0]","['lymphoma, b-cell', ['c04.557.386.480.150', 'c15.604.515.569.480.150', 'c20.683.515.761.480.150'], 1]","['lymphoma, non-hodgkin', ['c04.557.386.480', 'c15.604.515.569.480', 'c20.683.515.761.480'], 2]","['lymphoma', ['c04.557.386', 'c15.604.515.569', 'c20.683.515.761'], 3]","['neoplasms by histologic type', ['c04.557'], 4]","['lymphoproliferative disorders', ['c15.604.515', 'c20.683.515'], 4]","['neoplasms', ['c04'], 5]","['lymphatic diseases', ['c15.604'], 5]","['immunoproliferative disorders', ['c20.683'], 5]","['hemic and lymphatic diseases', ['c15'], 6]","['immune system diseases', ['c20'], 6]"
"['Shock, Hemorrhagic', 0, 0]"
"['Proliferative Vitreoretinal Disease', 0, 0]"
"['Otitis Media', 0, 0]"
"['Chorioamnionitis', 0, 0]"
"['Adenosquamous Pancreas Carcinoma', 0, 0]"
"['pleural mesothelioma', 0, 0]"
"['Non Specific Chronic Endometritis', 0, 0]"
"['Adenocarcinoma, Ampullary', 0, 0]"
"['Placenta Cancer', 0, 0]"
